age,job,marital,education,default,balance,housing,loan,contact,day,month,duration,campaign,pdays,previous,poutcome,y
41,admin.,married,secondary,no,5110,yes,no,cellular,13,apr,231,1,-1,0,unknown,no
40,blue-collar,married,secondary,no,11084,no,no,unknown,11,jun,113,1,-1,0,unknown,no
52,management,divorced,tertiary,no,50,yes,no,unknown,12,jun,84,3,-1,0,unknown,no
53,entrepreneur,married,tertiary,no,2289,yes,yes,cellular,17,nov,183,1,-1,0,unknown,no
47,admin.,married,secondary,no,1060,yes,no,unknown,6,jun,83,3,-1,0,unknown,no
45,admin.,married,secondary,no,295,yes,no,cellular,23,jul,92,1,-1,0,unknown,no
38,technician,single,secondary,no,258,no,yes,unknown,20,jun,587,2,-1,0,unknown,no
27,student,single,tertiary,no,118,no,no,cellular,25,may,112,1,-1,0,unknown,no
48,management,married,tertiary,no,1175,yes,no,telephone,18,nov,1476,3,-1,0,unknown,no
34,technician,single,secondary,no,105,yes,no,cellular,7,may,146,2,171,3,failure,no
60,management,married,primary,no,252,yes,yes,cellular,13,apr,123,2,147,3,failure,no
54,services,married,unknown,no,7864,yes,no,unknown,15,may,145,4,-1,0,unknown,no
23,student,single,secondary,no,780,no,no,cellular,16,sep,267,1,-1,0,unknown,no
31,services,married,secondary,no,-230,yes,yes,cellular,16,jul,715,1,-1,0,unknown,no
35,management,married,tertiary,no,1253,yes,no,unknown,19,may,210,2,-1,0,unknown,no
31,blue-collar,married,secondary,no,631,yes,no,unknown,23,may,248,4,-1,0,unknown,no
30,services,single,secondary,no,432,yes,no,unknown,20,may,340,3,-1,0,unknown,no
46,management,divorced,secondary,no,558,no,no,cellular,19,aug,126,6,-1,0,unknown,no
49,services,single,secondary,no,133,no,no,unknown,11,jun,319,6,-1,0,unknown,no
49,services,married,secondary,no,400,no,no,cellular,21,aug,151,3,-1,0,unknown,no
52,management,married,tertiary,no,1339,yes,no,cellular,22,aug,343,5,-1,0,unknown,no
37,services,married,secondary,no,1328,yes,no,telephone,13,may,121,2,341,4,failure,no
46,management,married,tertiary,no,1008,no,no,cellular,29,aug,24,13,-1,0,unknown,no
28,self-employed,single,tertiary,no,0,yes,no,cellular,21,jul,479,1,-1,0,unknown,no
38,management,single,tertiary,no,16957,yes,no,telephone,29,jan,208,1,247,2,failure,no
31,blue-collar,single,secondary,no,1882,no,no,cellular,7,may,529,2,-1,0,unknown,no
57,management,married,tertiary,no,1172,no,no,unknown,18,jun,26,1,-1,0,unknown,no
37,unknown,married,unknown,no,1699,no,no,unknown,9,jun,63,1,-1,0,unknown,no
58,technician,married,secondary,no,116,no,no,unknown,16,jun,580,3,-1,0,unknown,no
29,self-employed,married,secondary,no,-76,yes,no,unknown,27,may,305,2,-1,0,unknown,no
36,management,married,tertiary,no,-296,yes,no,cellular,14,may,113,3,-1,0,unknown,no
34,management,married,tertiary,no,1518,yes,no,cellular,20,nov,128,2,-1,0,unknown,no
34,admin.,married,tertiary,no,35,yes,no,cellular,15,oct,76,1,69,2,failure,no
46,management,married,tertiary,no,1285,yes,no,unknown,27,may,89,1,-1,0,unknown,no
30,technician,single,tertiary,no,2325,no,no,cellular,5,apr,270,3,241,4,other,no
31,technician,single,tertiary,no,1166,yes,no,unknown,3,jun,207,1,-1,0,unknown,no
53,technician,married,tertiary,no,3177,no,no,cellular,8,aug,92,2,-1,0,unknown,no
54,blue-collar,married,primary,no,2281,yes,no,unknown,20,jun,158,1,-1,0,unknown,no
34,technician,married,secondary,no,0,yes,no,cellular,29,aug,116,4,-1,0,unknown,no
33,services,married,primary,no,0,yes,no,cellular,18,jul,351,2,-1,0,unknown,no
32,management,married,secondary,no,6217,yes,yes,cellular,18,nov,486,2,181,2,failure,no
57,admin.,divorced,primary,no,1,no,no,unknown,15,may,17,10,-1,0,unknown,no
33,blue-collar,married,secondary,no,-346,yes,yes,unknown,23,may,29,3,-1,0,unknown,no
59,retired,married,secondary,no,163,no,no,cellular,24,jul,464,1,-1,0,unknown,no
56,retired,married,primary,no,-1,no,no,cellular,27,aug,89,23,-1,0,unknown,no
41,unemployed,divorced,secondary,no,1281,no,no,cellular,31,jul,45,3,-1,0,unknown,no
31,management,married,tertiary,no,395,yes,no,cellular,9,feb,155,3,-1,0,unknown,no
38,unemployed,married,primary,no,-363,no,no,unknown,12,jun,340,2,-1,0,unknown,no
34,management,married,tertiary,no,1116,yes,no,cellular,25,jul,53,5,-1,0,unknown,no
31,admin.,divorced,secondary,no,1210,no,no,cellular,16,jul,350,1,-1,0,unknown,no
59,blue-collar,married,primary,no,748,no,no,unknown,29,may,184,1,-1,0,unknown,no
39,housemaid,single,primary,no,109,yes,no,unknown,6,may,699,3,-1,0,unknown,no
30,services,married,secondary,no,227,no,yes,unknown,3,jun,23,1,-1,0,unknown,no
38,blue-collar,divorced,secondary,no,595,yes,no,cellular,7,may,245,3,-1,0,unknown,no
36,admin.,married,secondary,no,0,yes,yes,cellular,9,feb,101,2,-1,0,unknown,no
34,blue-collar,married,secondary,no,1298,yes,no,unknown,20,may,120,1,-1,0,unknown,no
43,self-employed,married,secondary,no,634,yes,no,cellular,17,nov,65,1,131,1,failure,no
59,blue-collar,divorced,secondary,no,3573,no,no,cellular,15,may,44,1,-1,0,unknown,no
58,retired,married,unknown,no,937,no,no,cellular,5,aug,155,1,-1,0,unknown,no
32,blue-collar,married,primary,no,66,no,no,cellular,19,nov,244,1,-1,0,unknown,no
32,technician,married,secondary,no,485,no,no,cellular,26,aug,98,14,-1,0,unknown,no
44,admin.,married,secondary,no,5181,yes,yes,cellular,31,jul,18,7,-1,0,unknown,no
35,blue-collar,married,secondary,no,243,yes,no,cellular,20,apr,41,3,-1,0,unknown,no
24,blue-collar,single,primary,no,111,yes,yes,unknown,27,may,42,4,-1,0,unknown,no
28,admin.,single,unknown,no,174,no,no,cellular,28,sep,184,1,-1,0,unknown,no
30,blue-collar,single,primary,no,185,no,no,unknown,26,jun,11,1,-1,0,unknown,no
45,blue-collar,married,primary,no,907,no,no,cellular,18,aug,230,8,-1,0,unknown,no
55,services,married,secondary,no,557,no,no,unknown,19,jun,58,1,-1,0,unknown,no
33,management,single,primary,no,4897,yes,no,unknown,20,may,151,1,-1,0,unknown,no
25,services,single,secondary,no,368,no,no,telephone,25,jul,168,1,-1,0,unknown,no
27,admin.,single,secondary,no,-145,yes,no,telephone,15,may,289,8,-1,0,unknown,no
27,technician,single,tertiary,no,3083,yes,no,unknown,29,may,244,2,-1,0,unknown,no
36,blue-collar,single,secondary,no,340,no,yes,unknown,16,jun,559,3,-1,0,unknown,no
35,management,single,tertiary,no,2988,yes,no,cellular,25,may,179,1,-1,0,unknown,no
56,management,married,secondary,no,238,yes,no,cellular,19,nov,808,1,-1,0,unknown,no
58,management,married,secondary,no,407,yes,no,cellular,29,jul,145,2,-1,0,unknown,no
36,technician,married,secondary,no,474,yes,no,unknown,27,may,59,1,-1,0,unknown,no
38,services,married,secondary,no,0,no,yes,cellular,16,jul,1473,6,-1,0,unknown,no
41,management,divorced,tertiary,no,4567,yes,yes,cellular,16,jul,106,1,-1,0,unknown,no
30,self-employed,single,tertiary,no,901,yes,yes,unknown,16,may,601,1,-1,0,unknown,no
56,technician,divorced,tertiary,no,401,yes,no,telephone,20,nov,26,1,-1,0,unknown,no
35,management,married,tertiary,no,1253,yes,no,unknown,19,may,210,2,-1,0,unknown,no
31,housemaid,married,primary,no,25,no,no,cellular,21,aug,169,5,-1,0,unknown,no
50,management,married,tertiary,no,2881,no,no,cellular,5,aug,510,2,2,5,other,no
43,technician,single,secondary,no,11269,no,no,unknown,29,may,92,1,-1,0,unknown,no
37,management,married,tertiary,no,0,yes,no,unknown,3,jun,247,13,-1,0,unknown,no
27,services,married,secondary,no,-1202,yes,no,unknown,4,jun,749,2,-1,0,unknown,no
51,management,divorced,tertiary,no,0,no,no,cellular,13,aug,60,2,-1,0,unknown,no
36,blue-collar,married,secondary,no,-461,no,no,cellular,11,may,254,2,353,1,failure,no
33,technician,divorced,secondary,no,9,no,no,cellular,21,aug,91,2,-1,0,unknown,no
31,services,married,tertiary,no,309,yes,yes,unknown,7,may,294,1,-1,0,unknown,no
60,retired,divorced,unknown,no,-49,yes,no,cellular,29,jan,188,1,261,2,failure,no
40,management,married,tertiary,no,542,yes,no,cellular,20,nov,1816,1,-1,0,unknown,no
32,blue-collar,married,secondary,no,1787,yes,no,cellular,12,may,87,4,357,4,failure,no
41,blue-collar,married,primary,no,389,yes,no,unknown,16,jun,127,2,-1,0,unknown,no
28,management,single,unknown,no,81,no,yes,cellular,8,jul,158,1,-1,0,unknown,no
45,admin.,single,secondary,no,0,yes,no,cellular,8,may,38,1,-1,0,unknown,no
30,technician,single,tertiary,no,985,yes,no,cellular,19,feb,88,2,-1,0,unknown,no
47,blue-collar,married,primary,no,3451,no,yes,cellular,21,nov,125,2,-1,0,unknown,no
36,technician,single,secondary,no,1855,yes,no,cellular,4,feb,75,1,273,1,failure,no
53,technician,married,unknown,no,619,no,no,unknown,17,jun,198,6,-1,0,unknown,no
26,technician,single,secondary,no,2610,yes,yes,unknown,2,jun,626,1,-1,0,unknown,no
32,self-employed,married,secondary,no,217,yes,yes,cellular,15,jul,317,5,-1,0,unknown,no
40,technician,married,secondary,no,4441,yes,no,cellular,20,nov,153,2,183,2,failure,no
43,technician,married,tertiary,no,192,no,no,cellular,5,aug,203,2,-1,0,unknown,no
46,blue-collar,divorced,primary,no,1712,no,no,unknown,19,jun,110,1,-1,0,unknown,no
39,management,single,secondary,no,835,yes,no,unknown,29,may,587,4,-1,0,unknown,no
31,management,single,secondary,no,36,no,no,cellular,27,aug,105,2,-1,0,unknown,no
33,technician,single,secondary,no,1279,yes,no,cellular,18,may,239,2,349,3,success,no
47,services,married,tertiary,no,871,no,no,cellular,22,aug,602,9,-1,0,unknown,no
51,technician,married,secondary,no,500,yes,no,cellular,20,nov,26,6,-1,0,unknown,no
56,retired,married,secondary,no,1333,no,no,cellular,28,aug,17,14,-1,0,unknown,no
44,admin.,married,secondary,no,5181,yes,yes,cellular,31,jul,18,7,-1,0,unknown,no
46,blue-collar,divorced,primary,no,216,no,no,cellular,2,feb,173,1,-1,0,unknown,no
47,self-employed,married,secondary,no,0,no,no,unknown,26,jun,174,8,-1,0,unknown,no
41,self-employed,married,secondary,no,28,yes,no,cellular,11,may,49,1,-1,0,unknown,no
26,management,divorced,tertiary,yes,-402,no,yes,unknown,12,may,127,2,-1,0,unknown,no
30,services,divorced,secondary,no,0,yes,no,cellular,13,may,172,1,-1,0,unknown,no
31,technician,married,secondary,no,3706,yes,no,cellular,20,nov,129,1,-1,0,unknown,no
38,blue-collar,divorced,secondary,no,0,yes,no,cellular,11,may,580,1,173,1,failure,no
32,unemployed,single,tertiary,no,336,yes,no,unknown,8,may,139,1,-1,0,unknown,no
34,management,married,tertiary,no,1906,yes,no,cellular,14,jul,68,3,-1,0,unknown,no
28,student,single,secondary,no,11555,no,no,cellular,8,apr,125,2,-1,0,unknown,no
52,unknown,married,unknown,no,1317,no,no,unknown,12,jun,58,1,-1,0,unknown,no
35,services,single,secondary,no,35,yes,no,cellular,14,may,152,1,-1,0,unknown,no
76,retired,married,primary,no,2590,no,no,telephone,9,feb,68,12,-1,0,unknown,no
40,services,divorced,secondary,no,-81,no,yes,cellular,23,jul,186,1,-1,0,unknown,no
31,technician,single,secondary,no,391,no,no,cellular,13,aug,336,2,-1,0,unknown,no
36,services,single,secondary,no,398,yes,yes,unknown,17,jun,77,2,-1,0,unknown,no
45,admin.,married,secondary,no,72,yes,yes,cellular,15,may,262,2,352,2,failure,no
58,retired,divorced,tertiary,no,264,yes,yes,cellular,8,jul,523,3,-1,0,unknown,no
53,technician,married,secondary,no,4541,yes,no,unknown,15,may,190,6,-1,0,unknown,no
42,services,married,tertiary,no,12223,yes,no,cellular,19,nov,36,1,-1,0,unknown,no
33,services,married,secondary,no,210,yes,yes,unknown,20,may,201,1,-1,0,unknown,no
51,admin.,married,secondary,no,2967,no,no,unknown,17,jun,83,2,-1,0,unknown,no
47,entrepreneur,married,primary,no,668,no,no,cellular,12,may,908,1,-1,0,unknown,no
41,blue-collar,married,primary,no,2067,yes,no,cellular,15,may,493,7,-1,0,unknown,no
59,services,married,secondary,no,0,yes,no,cellular,12,may,214,3,-1,0,unknown,no
50,technician,married,secondary,no,1412,no,no,cellular,6,aug,131,3,-1,0,unknown,no
34,blue-collar,single,secondary,no,13683,yes,no,unknown,3,jun,115,3,-1,0,unknown,no
33,unknown,married,secondary,no,2727,no,no,cellular,6,aug,205,3,-1,0,unknown,no
53,admin.,married,secondary,no,105,no,yes,cellular,21,aug,74,2,-1,0,unknown,no
48,technician,married,secondary,no,10655,no,no,telephone,31,jul,5,3,-1,0,unknown,no
39,services,married,secondary,no,5731,yes,no,unknown,20,may,175,2,-1,0,unknown,no
31,admin.,married,secondary,no,2304,yes,no,cellular,20,nov,257,2,-1,0,unknown,no
30,blue-collar,married,secondary,no,125,yes,no,unknown,29,may,238,2,-1,0,unknown,no
32,technician,divorced,secondary,no,-399,yes,no,unknown,2,jun,180,1,-1,0,unknown,no
50,blue-collar,married,primary,no,-1,no,no,cellular,19,aug,195,2,-1,0,unknown,no
29,entrepreneur,married,secondary,no,452,yes,no,unknown,27,may,347,1,-1,0,unknown,no
45,blue-collar,married,primary,no,1291,yes,no,cellular,28,aug,189,17,-1,0,unknown,no
45,management,married,tertiary,no,1929,yes,no,unknown,29,may,44,15,-1,0,unknown,no
42,housemaid,divorced,tertiary,no,364,no,no,cellular,18,nov,52,1,-1,0,unknown,no
80,retired,married,secondary,no,8304,no,no,telephone,6,apr,681,1,118,11,success,no
32,blue-collar,divorced,secondary,no,739,yes,no,unknown,9,may,171,1,-1,0,unknown,no
26,student,single,secondary,no,279,no,no,cellular,7,may,239,3,-1,0,unknown,no
30,blue-collar,married,primary,no,1317,yes,no,unknown,21,may,395,2,-1,0,unknown,no
36,admin.,married,secondary,no,957,yes,no,unknown,21,may,206,1,-1,0,unknown,no
54,blue-collar,married,secondary,no,2059,yes,no,cellular,25,aug,177,4,-1,0,unknown,no
53,technician,married,secondary,no,0,no,no,cellular,22,aug,77,9,-1,0,unknown,no
42,blue-collar,single,primary,no,92,no,no,cellular,30,jul,86,2,-1,0,unknown,no
55,management,divorced,unknown,no,2,yes,no,unknown,19,may,95,1,-1,0,unknown,no
31,management,married,secondary,no,625,yes,no,cellular,7,apr,424,1,138,1,failure,no
31,self-employed,single,tertiary,no,96,no,no,cellular,5,feb,577,1,-1,0,unknown,no
36,blue-collar,married,secondary,no,1409,no,no,unknown,17,jun,235,2,-1,0,unknown,no
36,admin.,married,secondary,no,-423,yes,yes,unknown,13,may,106,1,-1,0,unknown,no
44,management,married,secondary,no,-665,no,no,cellular,30,jul,342,3,-1,0,unknown,no
41,management,married,tertiary,no,10758,yes,no,cellular,1,jun,288,1,-1,0,unknown,no
51,self-employed,married,tertiary,no,833,no,no,cellular,31,jul,77,3,-1,0,unknown,no
38,unemployed,married,primary,no,-363,no,no,unknown,12,jun,340,2,-1,0,unknown,no
44,unemployed,married,secondary,no,304,yes,no,unknown,12,may,129,2,-1,0,unknown,no
30,management,single,tertiary,no,19358,no,no,cellular,19,nov,258,2,-1,0,unknown,no
30,services,single,secondary,no,209,yes,no,unknown,6,may,30,2,-1,0,unknown,no
45,blue-collar,divorced,primary,no,0,yes,no,cellular,21,jul,211,2,-1,0,unknown,no
36,admin.,single,secondary,no,0,no,no,cellular,20,apr,637,1,-1,0,unknown,no
66,retired,married,secondary,no,4785,no,no,cellular,13,aug,72,3,-1,0,unknown,no
74,retired,married,secondary,no,935,no,no,cellular,26,jan,100,1,104,1,other,no
30,technician,single,secondary,no,4787,yes,no,unknown,4,jun,99,2,-1,0,unknown,no
57,management,married,tertiary,no,929,no,no,cellular,19,aug,387,8,-1,0,unknown,no
35,services,divorced,secondary,no,221,yes,no,cellular,14,may,150,1,360,1,failure,no
44,self-employed,divorced,secondary,no,80,yes,yes,unknown,14,may,387,2,-1,0,unknown,no
31,blue-collar,married,secondary,no,897,yes,no,unknown,20,may,26,2,-1,0,unknown,no
28,blue-collar,single,primary,no,0,yes,yes,unknown,3,jun,380,4,-1,0,unknown,no
33,technician,married,secondary,no,575,no,yes,cellular,4,feb,254,2,-1,0,unknown,no
33,blue-collar,married,secondary,no,3576,yes,no,cellular,2,apr,124,1,308,2,other,no
36,management,single,tertiary,no,243,yes,no,cellular,7,may,160,2,360,3,failure,no
56,technician,married,secondary,no,4063,no,yes,telephone,28,jul,31,4,-1,0,unknown,no
43,blue-collar,married,primary,no,188,yes,no,cellular,12,may,58,3,347,5,failure,no
34,blue-collar,married,secondary,no,856,yes,no,cellular,20,apr,470,1,150,5,other,no
32,technician,married,secondary,no,2693,yes,no,unknown,21,may,16,1,-1,0,unknown,no
35,technician,married,tertiary,no,0,yes,yes,cellular,23,sep,112,1,62,6,other,no
35,management,single,secondary,no,81,yes,no,cellular,29,jan,79,1,-1,0,unknown,no
47,services,married,secondary,no,2322,no,no,cellular,22,aug,618,1,-1,0,unknown,no
34,management,single,tertiary,no,872,yes,no,unknown,7,may,105,2,-1,0,unknown,no
37,admin.,married,secondary,no,1193,no,no,cellular,12,may,396,2,-1,0,unknown,no
54,management,married,primary,no,3859,no,yes,cellular,20,nov,104,3,-1,0,unknown,no
50,housemaid,married,secondary,no,7317,yes,no,cellular,13,may,172,1,370,1,failure,no
28,admin.,single,secondary,no,1323,yes,no,unknown,3,jun,361,1,-1,0,unknown,no
39,technician,single,tertiary,no,-41,no,yes,cellular,25,aug,40,15,-1,0,unknown,no
30,blue-collar,single,secondary,no,445,yes,no,cellular,16,apr,218,1,330,2,failure,no
33,blue-collar,single,secondary,no,13494,yes,no,unknown,20,jun,27,25,-1,0,unknown,no
31,unknown,divorced,tertiary,no,137,no,no,cellular,22,aug,385,9,-1,0,unknown,no
27,blue-collar,married,secondary,no,2171,yes,no,cellular,16,apr,130,1,323,1,other,no
45,admin.,married,primary,no,542,no,no,cellular,11,may,8,5,350,3,other,no
62,management,married,tertiary,no,0,no,no,cellular,13,oct,78,3,-1,0,unknown,no
47,management,married,tertiary,no,109,yes,no,cellular,22,jul,268,1,-1,0,unknown,no
50,technician,divorced,secondary,no,-701,yes,yes,cellular,24,jul,148,1,-1,0,unknown,no
44,blue-collar,married,primary,no,10,yes,no,cellular,17,jul,196,1,-1,0,unknown,no
37,admin.,married,secondary,no,-107,yes,no,unknown,28,may,158,2,-1,0,unknown,no
50,services,married,primary,no,1260,no,no,cellular,18,nov,172,1,-1,0,unknown,no
52,management,married,tertiary,no,575,no,no,unknown,3,jun,315,1,-1,0,unknown,no
47,technician,married,secondary,no,302,yes,no,unknown,20,jun,89,3,-1,0,unknown,no
40,blue-collar,married,secondary,no,1100,yes,no,unknown,29,may,660,2,-1,0,unknown,no
33,blue-collar,married,secondary,no,-77,yes,no,cellular,28,jul,151,3,-1,0,unknown,no
34,blue-collar,single,secondary,no,1239,yes,no,cellular,18,jul,90,1,-1,0,unknown,no
23,blue-collar,single,unknown,no,817,yes,no,cellular,18,may,123,1,-1,0,unknown,no
37,blue-collar,divorced,primary,no,511,yes,no,telephone,11,may,42,1,-1,0,unknown,no
34,management,married,tertiary,no,436,no,yes,cellular,28,jul,118,4,-1,0,unknown,no
28,blue-collar,married,primary,no,60,yes,no,cellular,6,may,161,1,337,1,failure,no
29,admin.,single,secondary,no,3432,yes,no,cellular,17,apr,139,2,-1,0,unknown,no
52,unemployed,married,primary,no,255,no,yes,cellular,10,jul,374,3,-1,0,unknown,no
34,admin.,married,secondary,no,475,yes,no,unknown,7,may,559,1,-1,0,unknown,no
35,self-employed,married,secondary,no,8883,no,no,cellular,21,nov,33,3,-1,0,unknown,no
26,self-employed,married,tertiary,no,479,yes,no,cellular,9,feb,133,3,-1,0,unknown,no
31,unemployed,single,secondary,no,315,no,no,cellular,30,jan,130,1,2,1,other,no
53,services,divorced,secondary,no,-905,yes,no,unknown,28,may,213,1,-1,0,unknown,no
40,admin.,divorced,secondary,no,6,no,no,unknown,11,jun,140,1,-1,0,unknown,no
46,blue-collar,married,secondary,no,494,yes,no,unknown,26,may,724,1,-1,0,unknown,no
34,admin.,married,secondary,no,79,yes,no,unknown,23,may,83,1,-1,0,unknown,no
24,student,single,unknown,no,3298,yes,no,unknown,28,may,227,1,-1,0,unknown,no
38,unemployed,married,primary,no,1147,yes,yes,unknown,8,may,249,5,-1,0,unknown,no
59,unknown,married,unknown,no,3940,no,no,unknown,5,jun,48,2,-1,0,unknown,no
57,management,married,primary,no,1052,yes,no,unknown,13,may,227,4,-1,0,unknown,no
38,technician,single,secondary,no,4366,yes,no,cellular,29,jul,188,2,-1,0,unknown,no
31,management,married,secondary,no,466,yes,no,cellular,14,may,164,1,-1,0,unknown,no
46,unemployed,divorced,primary,no,23,no,no,cellular,21,nov,344,1,-1,0,unknown,no
42,admin.,married,secondary,no,0,no,no,unknown,19,jun,370,1,-1,0,unknown,no
33,blue-collar,married,primary,no,1165,yes,no,unknown,21,may,420,2,-1,0,unknown,no
40,self-employed,married,tertiary,no,1603,no,no,unknown,17,jun,279,1,-1,0,unknown,no
41,management,married,tertiary,no,5883,no,no,cellular,20,nov,182,2,-1,0,unknown,no
54,self-employed,married,secondary,no,641,yes,no,cellular,17,apr,472,1,148,2,failure,no
36,management,married,primary,no,3953,yes,no,cellular,19,nov,277,1,-1,0,unknown,no
30,self-employed,single,secondary,no,192,no,no,cellular,22,jul,423,1,-1,0,unknown,no
34,management,married,secondary,no,1007,yes,no,cellular,21,jul,240,2,-1,0,unknown,no
45,services,divorced,primary,no,3854,yes,no,unknown,20,jun,10,3,-1,0,unknown,no
22,student,single,unknown,no,549,no,no,cellular,2,sep,154,1,-1,0,unknown,no
38,self-employed,married,secondary,no,746,no,no,unknown,20,jun,256,3,-1,0,unknown,no
39,entrepreneur,married,tertiary,no,83,yes,no,cellular,11,jul,193,2,-1,0,unknown,no
48,blue-collar,single,secondary,no,-552,no,yes,cellular,21,nov,150,2,-1,0,unknown,no
58,retired,divorced,primary,no,2538,yes,no,cellular,31,jul,307,6,-1,0,unknown,no
34,blue-collar,married,secondary,no,250,yes,no,unknown,29,may,193,6,-1,0,unknown,no
35,technician,single,tertiary,no,3552,no,no,cellular,21,nov,267,1,-1,0,unknown,no
49,retired,single,primary,no,25824,no,no,unknown,17,jun,94,1,-1,0,unknown,no
58,retired,married,primary,no,5092,no,no,unknown,11,jun,199,6,-1,0,unknown,no
39,blue-collar,married,primary,no,52,no,no,cellular,13,aug,69,1,-1,0,unknown,no
39,management,single,secondary,no,36,no,no,cellular,29,aug,70,2,-1,0,unknown,no
24,blue-collar,married,secondary,no,9,yes,no,unknown,27,may,292,7,-1,0,unknown,no
37,management,married,tertiary,no,347,yes,no,cellular,22,jul,282,1,-1,0,unknown,no
57,blue-collar,married,primary,no,179,no,no,unknown,9,jun,230,3,-1,0,unknown,no
47,services,married,secondary,no,2,no,yes,cellular,21,jul,71,15,-1,0,unknown,no
51,blue-collar,married,primary,no,-11,no,no,telephone,16,jul,126,4,-1,0,unknown,no
57,admin.,married,secondary,no,3927,no,no,cellular,13,oct,61,1,-1,0,unknown,no
27,admin.,divorced,secondary,no,76,yes,no,unknown,4,jun,236,1,-1,0,unknown,no
42,management,divorced,tertiary,no,401,yes,no,cellular,24,jul,217,9,-1,0,unknown,no
30,technician,single,secondary,no,4787,yes,no,unknown,4,jun,99,2,-1,0,unknown,no
75,retired,divorced,primary,no,852,no,no,cellular,15,mar,341,1,-1,0,unknown,no
57,blue-collar,married,primary,no,452,yes,no,unknown,13,may,139,4,-1,0,unknown,no
46,admin.,single,secondary,no,751,yes,no,unknown,13,may,104,2,-1,0,unknown,no
56,services,married,secondary,no,-229,no,yes,cellular,23,jul,55,10,-1,0,unknown,no
34,management,married,tertiary,no,176,no,no,cellular,18,aug,61,4,-1,0,unknown,no
53,management,married,tertiary,no,37,no,no,cellular,28,aug,51,9,-1,0,unknown,no
40,admin.,single,secondary,no,-1,no,no,cellular,7,jul,173,1,-1,0,unknown,no
41,technician,married,tertiary,no,177,yes,no,telephone,11,jul,117,2,-1,0,unknown,no
42,management,divorced,tertiary,no,16,no,no,cellular,19,nov,140,3,-1,0,unknown,no
40,management,married,tertiary,no,294,yes,no,cellular,23,jul,97,5,-1,0,unknown,no
39,services,married,secondary,no,1970,yes,no,unknown,8,jun,30,1,404,2,success,no
32,admin.,married,secondary,no,0,no,no,cellular,30,jan,119,3,-1,0,unknown,no
31,blue-collar,married,secondary,no,1495,yes,yes,unknown,23,may,159,3,-1,0,unknown,no
32,management,married,secondary,no,350,yes,no,unknown,28,may,110,2,-1,0,unknown,no
49,blue-collar,married,primary,no,365,no,no,unknown,26,may,59,2,-1,0,unknown,no
42,services,married,secondary,no,96,yes,no,cellular,5,may,238,3,340,2,failure,no
47,services,married,secondary,no,3333,yes,yes,cellular,29,jul,114,2,-1,0,unknown,no
49,services,married,secondary,no,5673,no,yes,cellular,4,aug,357,3,-1,0,unknown,no
42,entrepreneur,married,tertiary,no,233,no,no,cellular,5,feb,446,1,-1,0,unknown,no
22,technician,single,secondary,no,333,no,yes,telephone,12,nov,129,1,-1,0,unknown,no
55,services,married,secondary,no,-31,no,yes,cellular,13,aug,81,2,-1,0,unknown,no
31,blue-collar,married,secondary,no,1660,yes,no,cellular,20,apr,342,1,-1,0,unknown,no
33,blue-collar,married,secondary,no,0,yes,yes,cellular,28,jul,83,12,-1,0,unknown,no
57,management,married,tertiary,no,929,no,no,cellular,19,aug,387,8,-1,0,unknown,no
37,entrepreneur,married,tertiary,no,310,no,no,cellular,1,sep,76,1,-1,0,unknown,no
51,services,married,secondary,no,867,yes,no,cellular,3,feb,177,2,211,3,failure,no
48,management,divorced,tertiary,no,541,yes,no,cellular,14,may,72,1,363,2,other,no
48,technician,married,secondary,no,340,yes,no,cellular,28,jan,255,2,-1,0,unknown,no
52,blue-collar,married,primary,no,2,no,no,unknown,9,jun,70,3,-1,0,unknown,no
53,admin.,married,secondary,no,105,no,yes,cellular,21,aug,74,2,-1,0,unknown,no
36,management,single,secondary,no,0,no,no,cellular,13,aug,333,5,-1,0,unknown,no
36,entrepreneur,married,secondary,no,134,no,no,unknown,20,may,98,1,-1,0,unknown,no
33,entrepreneur,married,tertiary,no,595,no,no,cellular,7,aug,22,2,-1,0,unknown,no
51,technician,married,tertiary,no,2506,no,no,cellular,30,nov,210,3,-1,0,unknown,no
56,retired,married,secondary,no,344,yes,no,unknown,15,may,221,1,-1,0,unknown,no
26,management,single,tertiary,no,350,no,no,cellular,8,jul,367,1,-1,0,unknown,no
35,management,divorced,tertiary,no,434,yes,no,cellular,11,may,277,1,271,2,success,no
51,management,married,tertiary,no,176,yes,yes,unknown,1,jun,8,1,687,2,failure,no
37,technician,single,secondary,no,267,no,no,cellular,13,may,121,1,-1,0,unknown,no
30,student,single,secondary,no,3096,no,no,cellular,26,jan,123,1,-1,0,unknown,no
38,blue-collar,married,secondary,no,2008,yes,no,cellular,18,nov,354,1,-1,0,unknown,no
36,blue-collar,married,secondary,no,2357,yes,no,unknown,17,jun,228,2,-1,0,unknown,no
34,entrepreneur,married,secondary,no,2,yes,yes,cellular,5,may,184,1,167,6,failure,no
37,technician,single,secondary,no,0,no,no,cellular,4,aug,69,2,-1,0,unknown,no
42,management,married,tertiary,no,520,no,no,cellular,4,nov,158,1,-1,0,unknown,no
56,management,divorced,tertiary,no,-59,no,yes,cellular,28,jul,127,6,-1,0,unknown,no
37,technician,single,secondary,no,267,no,no,cellular,13,may,121,1,-1,0,unknown,no
43,blue-collar,single,secondary,no,24,no,no,cellular,12,may,68,1,363,1,failure,no
35,technician,married,secondary,no,0,no,no,cellular,14,jul,125,2,-1,0,unknown,no
41,blue-collar,married,primary,no,8,yes,no,cellular,15,jul,155,2,-1,0,unknown,no
38,admin.,married,primary,no,0,yes,no,unknown,2,jun,29,32,-1,0,unknown,no
48,technician,married,secondary,no,340,yes,no,cellular,28,jan,255,2,-1,0,unknown,no
50,management,married,tertiary,no,4,no,no,cellular,17,nov,223,1,96,2,failure,no
28,management,married,tertiary,no,3694,no,yes,cellular,8,jul,70,2,-1,0,unknown,no
38,services,married,secondary,no,-140,no,no,unknown,25,jun,456,3,-1,0,unknown,no
40,technician,married,secondary,no,169,yes,no,cellular,18,aug,43,4,-1,0,unknown,no
53,technician,married,secondary,no,2647,yes,no,unknown,30,may,121,1,-1,0,unknown,no
40,management,married,secondary,no,99,no,no,cellular,9,feb,15,5,-1,0,unknown,no
35,blue-collar,married,primary,no,298,yes,no,cellular,13,may,135,2,370,2,failure,no
42,admin.,divorced,secondary,no,1811,yes,no,unknown,14,may,150,1,-1,0,unknown,no
49,admin.,married,secondary,no,14440,yes,no,cellular,21,nov,60,1,-1,0,unknown,no
34,blue-collar,married,primary,no,176,no,no,cellular,24,jul,78,1,-1,0,unknown,no
26,self-employed,married,tertiary,no,479,yes,no,cellular,9,feb,133,3,-1,0,unknown,no
40,technician,married,secondary,no,93,yes,no,unknown,13,may,134,2,-1,0,unknown,no
33,management,single,tertiary,no,201,yes,no,cellular,19,nov,171,1,183,1,failure,no
31,technician,married,secondary,no,589,yes,yes,unknown,21,may,151,1,-1,0,unknown,no
32,technician,married,secondary,no,2693,yes,no,unknown,21,may,16,1,-1,0,unknown,no
43,technician,divorced,secondary,no,1413,yes,no,telephone,28,jul,75,3,-1,0,unknown,no
26,admin.,married,secondary,no,2469,no,no,cellular,16,jul,136,8,-1,0,unknown,no
47,blue-collar,married,primary,no,881,yes,no,cellular,14,may,143,1,370,2,failure,no
38,admin.,divorced,secondary,no,156,yes,no,unknown,17,jun,544,3,-1,0,unknown,no
47,services,divorced,secondary,no,691,no,no,cellular,6,feb,285,6,-1,0,unknown,no
42,blue-collar,married,secondary,no,179,yes,no,cellular,17,nov,96,1,-1,0,unknown,no
28,management,single,tertiary,no,-328,yes,no,telephone,2,feb,318,2,-1,0,unknown,no
33,technician,single,tertiary,no,123,no,no,cellular,19,aug,264,1,-1,0,unknown,no
41,management,married,unknown,no,2457,yes,no,unknown,9,may,285,1,-1,0,unknown,no
45,blue-collar,married,primary,no,2128,yes,no,unknown,19,may,149,4,-1,0,unknown,no
56,retired,married,primary,no,-1,no,no,cellular,27,aug,89,23,-1,0,unknown,no
39,technician,single,tertiary,no,1043,no,no,cellular,18,aug,195,10,-1,0,unknown,no
42,entrepreneur,married,primary,yes,66,yes,yes,cellular,6,feb,139,1,-1,0,unknown,no
34,blue-collar,single,secondary,no,79,no,yes,cellular,20,nov,104,1,-1,0,unknown,no
56,admin.,divorced,primary,no,0,no,yes,cellular,10,jul,542,1,-1,0,unknown,no
53,blue-collar,single,secondary,no,5715,no,no,cellular,28,jan,287,2,-1,0,unknown,no
30,technician,single,tertiary,no,699,yes,no,cellular,11,aug,213,4,-1,0,unknown,no
41,admin.,married,secondary,no,4539,no,no,unknown,30,may,298,3,-1,0,unknown,no
35,management,married,tertiary,no,1253,yes,no,unknown,19,may,210,2,-1,0,unknown,no
34,management,married,tertiary,no,2594,yes,no,cellular,21,nov,161,3,-1,0,unknown,no
48,technician,married,secondary,no,7020,no,no,cellular,6,aug,80,2,-1,0,unknown,no
43,unemployed,married,secondary,no,3529,no,no,cellular,5,feb,169,2,-1,0,unknown,no
40,blue-collar,married,secondary,no,0,yes,yes,unknown,29,may,245,3,-1,0,unknown,no
26,admin.,single,secondary,no,96,yes,no,cellular,13,may,612,2,348,3,other,no
31,technician,single,secondary,no,1014,yes,no,cellular,23,jul,158,4,-1,0,unknown,no
43,blue-collar,divorced,primary,no,92,yes,no,unknown,15,may,237,2,-1,0,unknown,no
41,technician,married,secondary,no,0,no,no,cellular,11,mar,101,1,-1,0,unknown,no
57,retired,married,secondary,no,0,no,yes,unknown,30,jun,104,2,-1,0,unknown,no
46,technician,divorced,secondary,no,435,yes,no,unknown,15,may,192,3,-1,0,unknown,no
48,management,married,tertiary,no,60,no,no,telephone,7,may,376,2,339,7,failure,no
31,management,single,tertiary,no,1494,no,no,cellular,13,aug,275,12,-1,0,unknown,no
56,blue-collar,married,primary,no,420,yes,no,unknown,9,may,76,1,-1,0,unknown,no
30,management,single,tertiary,no,7845,yes,no,unknown,3,jun,59,1,-1,0,unknown,no
36,admin.,divorced,secondary,no,356,yes,no,cellular,7,apr,244,3,313,1,failure,no
31,blue-collar,married,secondary,no,3653,yes,yes,cellular,21,nov,252,1,168,4,failure,no
34,entrepreneur,married,tertiary,no,-28,yes,no,cellular,16,jul,574,1,-1,0,unknown,no
42,blue-collar,married,primary,no,260,yes,no,telephone,31,jul,175,2,-1,0,unknown,no
57,management,married,unknown,no,0,no,no,cellular,30,sep,585,1,-1,0,unknown,no
35,technician,married,secondary,no,141,yes,no,cellular,19,aug,299,2,-1,0,unknown,no
34,blue-collar,single,secondary,no,-72,yes,no,cellular,7,jul,273,5,-1,0,unknown,no
59,entrepreneur,married,primary,no,0,no,no,telephone,19,nov,207,2,153,1,failure,no
28,admin.,married,secondary,no,-97,yes,no,cellular,29,jan,79,1,225,2,success,no
40,technician,married,secondary,no,1259,no,no,unknown,20,may,234,5,-1,0,unknown,no
48,blue-collar,married,primary,no,199,no,no,telephone,18,aug,29,2,-1,0,unknown,no
34,entrepreneur,married,tertiary,no,412,yes,yes,cellular,8,jul,164,1,-1,0,unknown,no
25,blue-collar,married,secondary,no,-76,yes,no,unknown,12,may,241,3,-1,0,unknown,no
28,student,single,secondary,no,330,no,no,telephone,2,feb,197,1,-1,0,unknown,no
43,blue-collar,married,secondary,no,10910,yes,no,cellular,15,may,66,2,-1,0,unknown,no
33,services,married,secondary,no,804,yes,yes,unknown,8,may,266,1,-1,0,unknown,no
57,retired,married,secondary,no,49,yes,yes,cellular,25,aug,93,4,-1,0,unknown,no
47,entrepreneur,married,primary,no,668,no,no,cellular,12,may,908,1,-1,0,unknown,no
48,services,married,secondary,no,1355,no,no,cellular,4,jul,134,2,-1,0,unknown,no
38,entrepreneur,divorced,tertiary,no,7929,no,no,cellular,8,jul,182,3,-1,0,unknown,no
27,admin.,single,secondary,no,15,no,yes,cellular,21,jul,177,1,-1,0,unknown,no
70,retired,married,secondary,no,2815,no,no,cellular,26,apr,125,2,182,1,failure,no
47,blue-collar,married,primary,no,2642,no,no,cellular,13,aug,310,2,-1,0,unknown,no
23,blue-collar,single,unknown,no,817,yes,no,cellular,18,may,123,1,-1,0,unknown,no
38,blue-collar,married,primary,no,168,yes,yes,telephone,13,may,212,3,-1,0,unknown,no
53,technician,divorced,primary,no,7290,yes,no,unknown,30,may,153,1,-1,0,unknown,no
52,management,divorced,tertiary,no,50,yes,no,unknown,12,jun,84,3,-1,0,unknown,no
37,admin.,single,secondary,no,781,no,no,cellular,20,aug,75,1,-1,0,unknown,no
36,technician,divorced,tertiary,no,119,no,no,cellular,23,jul,127,8,-1,0,unknown,no
37,self-employed,single,tertiary,no,556,no,no,unknown,17,jun,200,2,-1,0,unknown,no
58,admin.,married,secondary,no,3496,yes,no,unknown,2,jun,111,4,-1,0,unknown,no
27,management,single,tertiary,no,390,no,no,cellular,28,oct,190,1,82,1,success,no
43,management,married,tertiary,no,348,no,yes,cellular,15,jul,88,3,-1,0,unknown,no
28,management,single,tertiary,no,882,no,yes,cellular,29,jan,94,1,205,2,failure,no
41,blue-collar,married,secondary,no,1459,no,no,unknown,5,jun,82,1,-1,0,unknown,no
37,management,married,tertiary,no,410,no,no,cellular,29,jan,337,2,-1,0,unknown,no
49,technician,married,unknown,no,323,yes,no,cellular,18,nov,41,2,-1,0,unknown,no
60,housemaid,married,primary,no,0,no,yes,telephone,22,jul,124,1,-1,0,unknown,no
32,blue-collar,married,secondary,no,950,yes,yes,cellular,20,apr,219,4,-1,0,unknown,no
33,blue-collar,married,secondary,no,467,yes,no,unknown,21,may,494,2,-1,0,unknown,no
52,blue-collar,married,unknown,no,826,yes,no,unknown,15,may,468,2,-1,0,unknown,no
39,technician,married,tertiary,no,1161,yes,no,cellular,9,apr,236,1,336,1,failure,no
34,admin.,married,tertiary,no,899,yes,no,telephone,19,nov,377,3,7,4,success,no
29,blue-collar,married,secondary,no,358,no,no,cellular,21,jul,88,5,-1,0,unknown,no
32,blue-collar,married,primary,no,642,no,yes,cellular,8,jul,524,1,-1,0,unknown,no
35,blue-collar,married,primary,no,-12,yes,no,unknown,12,may,212,5,-1,0,unknown,no
42,entrepreneur,married,primary,no,149,no,no,cellular,20,aug,94,2,-1,0,unknown,no
50,services,married,secondary,no,254,yes,no,cellular,15,apr,397,2,337,1,failure,no
43,technician,married,secondary,no,7876,yes,no,cellular,11,aug,209,2,-1,0,unknown,no
31,technician,married,secondary,no,0,no,yes,cellular,19,aug,144,4,-1,0,unknown,no
55,services,divorced,secondary,yes,-404,yes,no,cellular,22,jul,502,3,-1,0,unknown,no
55,retired,married,secondary,no,2749,yes,yes,unknown,29,may,58,2,-1,0,unknown,no
34,technician,single,tertiary,no,992,yes,no,cellular,4,may,301,1,88,2,success,no
24,blue-collar,married,secondary,no,1222,yes,no,cellular,20,apr,369,1,-1,0,unknown,no
49,retired,single,primary,no,25824,no,no,unknown,17,jun,94,1,-1,0,unknown,no
30,management,single,tertiary,no,775,yes,no,unknown,16,jun,124,2,-1,0,unknown,no
48,technician,married,secondary,no,4265,yes,no,unknown,13,may,220,2,-1,0,unknown,no
58,management,divorced,tertiary,no,1573,yes,yes,cellular,17,nov,279,1,-1,0,unknown,no
58,retired,married,unknown,no,937,no,no,cellular,5,aug,155,1,-1,0,unknown,no
38,blue-collar,married,primary,no,1679,yes,no,unknown,20,jun,21,18,-1,0,unknown,no
47,technician,married,secondary,no,1990,yes,yes,cellular,25,aug,108,4,-1,0,unknown,no
42,management,married,tertiary,no,603,yes,no,cellular,5,nov,298,5,-1,0,unknown,no
48,blue-collar,single,unknown,no,428,yes,no,cellular,18,may,127,1,-1,0,unknown,no
38,self-employed,divorced,tertiary,no,1513,no,no,cellular,7,may,330,1,342,1,failure,no
48,technician,divorced,tertiary,no,113,no,yes,cellular,22,jul,38,1,-1,0,unknown,no
53,management,married,tertiary,no,4,no,no,unknown,20,jun,19,6,-1,0,unknown,no
36,management,single,tertiary,no,339,no,no,cellular,21,nov,6,6,-1,0,unknown,no
49,technician,married,secondary,no,-147,yes,no,cellular,20,apr,390,1,-1,0,unknown,no
54,management,divorced,tertiary,no,7010,no,no,cellular,11,mar,275,2,-1,0,unknown,no
37,blue-collar,married,secondary,no,196,yes,no,unknown,5,jun,66,3,-1,0,unknown,no
41,management,married,tertiary,no,666,yes,no,unknown,21,may,253,3,-1,0,unknown,no
31,blue-collar,married,secondary,no,1354,yes,yes,cellular,17,nov,222,2,-1,0,unknown,no
40,technician,married,secondary,no,990,yes,no,cellular,6,feb,252,3,-1,0,unknown,no
28,technician,single,tertiary,no,172,yes,yes,cellular,2,feb,194,2,-1,0,unknown,no
32,self-employed,married,secondary,no,413,yes,no,cellular,11,jul,712,2,-1,0,unknown,no
35,blue-collar,married,secondary,no,137,no,yes,unknown,4,oct,5,1,808,12,failure,no
56,entrepreneur,divorced,primary,no,29,no,no,cellular,29,jan,52,2,227,1,failure,no
42,entrepreneur,married,tertiary,no,0,no,no,cellular,9,jul,236,1,-1,0,unknown,no
22,student,single,tertiary,no,1161,no,yes,cellular,16,jun,119,1,-1,0,unknown,no
43,management,married,tertiary,no,0,yes,no,cellular,17,nov,110,1,-1,0,unknown,no
26,management,single,tertiary,no,205,no,no,unknown,26,may,111,1,-1,0,unknown,no
42,technician,single,secondary,no,275,no,no,cellular,26,aug,31,8,-1,0,unknown,no
51,technician,married,tertiary,no,-3,no,no,cellular,25,aug,91,9,-1,0,unknown,no
51,management,married,tertiary,no,630,yes,no,cellular,5,may,138,1,-1,0,unknown,no
44,technician,married,secondary,no,5597,no,no,unknown,20,jun,27,3,-1,0,unknown,no
58,management,single,tertiary,no,331,no,yes,cellular,28,jul,82,3,-1,0,unknown,no
32,technician,single,secondary,no,2979,no,no,cellular,25,may,156,1,-1,0,unknown,no
38,blue-collar,married,secondary,no,648,yes,no,unknown,3,jun,179,1,-1,0,unknown,no
44,management,married,tertiary,no,17361,no,no,unknown,18,jun,476,1,-1,0,unknown,no
53,management,married,primary,no,995,no,no,cellular,4,feb,200,3,-1,0,unknown,no
38,management,single,tertiary,no,427,yes,no,cellular,6,may,17,3,169,2,failure,no
26,admin.,single,secondary,no,3529,no,yes,cellular,7,sep,57,2,-1,0,unknown,no
54,retired,married,secondary,no,153,yes,yes,unknown,26,may,74,1,-1,0,unknown,no
27,technician,married,secondary,no,130,yes,no,cellular,7,may,265,3,-1,0,unknown,no
32,management,married,tertiary,no,71,yes,no,cellular,21,jul,221,8,-1,0,unknown,no
38,self-employed,single,secondary,no,1146,yes,no,unknown,21,may,91,2,-1,0,unknown,no
27,technician,married,secondary,no,7,yes,no,unknown,15,may,98,2,-1,0,unknown,no
37,services,divorced,primary,no,260,yes,no,cellular,17,apr,446,2,-1,0,unknown,no
57,admin.,married,tertiary,no,46,no,no,cellular,7,aug,238,2,-1,0,unknown,no
35,services,married,secondary,no,819,yes,no,telephone,14,jul,102,14,-1,0,unknown,no
46,blue-collar,married,secondary,no,-216,yes,no,cellular,28,jul,404,3,-1,0,unknown,no
41,technician,married,secondary,no,0,no,no,cellular,29,aug,141,2,-1,0,unknown,no
48,technician,married,secondary,no,197,no,yes,cellular,3,feb,47,2,222,3,other,no
31,blue-collar,married,secondary,no,1495,yes,yes,unknown,23,may,159,3,-1,0,unknown,no
47,housemaid,married,primary,no,201,yes,no,cellular,7,aug,58,2,382,1,failure,no
40,blue-collar,married,secondary,no,440,yes,no,unknown,5,jun,327,2,-1,0,unknown,no
35,admin.,married,secondary,no,0,yes,no,cellular,7,may,121,2,-1,0,unknown,no
33,admin.,divorced,secondary,no,661,yes,no,cellular,18,nov,411,1,173,2,other,no
51,admin.,married,secondary,no,2967,no,no,unknown,17,jun,83,2,-1,0,unknown,no
35,entrepreneur,single,secondary,no,475,no,yes,cellular,21,jul,936,4,-1,0,unknown,no
21,student,single,secondary,no,6844,no,no,cellular,14,aug,126,3,127,7,other,no
30,technician,married,secondary,no,371,no,no,cellular,7,aug,124,2,-1,0,unknown,no
45,admin.,married,secondary,no,638,yes,no,cellular,20,aug,75,9,-1,0,unknown,no
31,entrepreneur,married,tertiary,no,5191,no,no,cellular,20,nov,187,2,-1,0,unknown,no
32,student,married,secondary,no,1694,yes,no,cellular,28,jan,929,1,-1,0,unknown,no
66,retired,married,primary,no,747,no,no,telephone,28,jan,203,3,93,1,failure,no
38,technician,married,tertiary,no,1042,yes,no,cellular,4,feb,419,2,-1,0,unknown,no
28,blue-collar,married,secondary,no,225,yes,yes,unknown,7,may,866,2,-1,0,unknown,no
38,technician,single,secondary,no,50,no,no,cellular,29,aug,98,2,-1,0,unknown,no
36,services,married,secondary,no,1328,yes,no,unknown,6,jun,82,4,-1,0,unknown,no
37,management,married,tertiary,no,1689,yes,no,unknown,29,may,645,2,-1,0,unknown,no
33,management,married,tertiary,no,752,yes,no,cellular,11,aug,104,4,-1,0,unknown,no
36,technician,married,tertiary,no,0,no,no,cellular,22,aug,147,2,-1,0,unknown,no
32,admin.,single,tertiary,no,1583,yes,no,cellular,19,nov,100,1,182,1,failure,no
35,management,single,tertiary,no,633,yes,no,cellular,17,apr,128,3,-1,0,unknown,no
44,blue-collar,married,secondary,no,1071,yes,no,cellular,11,may,143,3,357,1,failure,no
52,blue-collar,married,primary,no,36,no,no,cellular,13,aug,109,2,-1,0,unknown,no
30,student,single,secondary,no,25,no,no,telephone,30,apr,44,1,-1,0,unknown,no
32,technician,married,tertiary,no,3939,no,no,cellular,8,aug,209,2,-1,0,unknown,no
36,technician,divorced,secondary,no,487,no,yes,cellular,11,aug,268,3,-1,0,unknown,no
40,technician,single,tertiary,no,445,yes,no,cellular,24,jul,631,1,-1,0,unknown,no
35,management,married,tertiary,yes,32,yes,no,cellular,21,nov,180,1,-1,0,unknown,no
63,retired,married,secondary,no,2747,no,no,cellular,11,sep,113,1,80,1,failure,no
42,self-employed,married,tertiary,no,753,no,no,unknown,17,jun,31,1,-1,0,unknown,no
32,admin.,single,secondary,no,45,yes,yes,cellular,14,may,908,3,344,7,other,no
43,blue-collar,divorced,primary,no,92,yes,no,unknown,15,may,237,2,-1,0,unknown,no
44,technician,married,secondary,no,310,yes,no,cellular,6,feb,200,1,253,1,failure,no
43,entrepreneur,married,secondary,no,59,no,no,unknown,13,may,437,2,-1,0,unknown,no
58,retired,single,primary,no,6570,no,no,cellular,21,jul,106,3,-1,0,unknown,no
49,services,married,secondary,no,1114,no,no,cellular,17,nov,283,1,-1,0,unknown,no
29,services,single,secondary,no,192,no,no,cellular,30,jan,327,4,-1,0,unknown,no
40,management,married,tertiary,no,5,yes,no,cellular,18,nov,219,3,-1,0,unknown,no
36,management,single,tertiary,no,0,no,no,cellular,11,aug,108,2,-1,0,unknown,no
26,technician,married,tertiary,no,3825,yes,no,unknown,13,may,107,1,-1,0,unknown,no
49,blue-collar,married,secondary,no,171,no,no,cellular,4,feb,19,3,175,2,other,no
59,services,married,secondary,no,0,yes,no,cellular,12,may,214,3,-1,0,unknown,no
31,blue-collar,married,secondary,no,-45,yes,no,unknown,2,jun,184,1,-1,0,unknown,no
31,management,married,tertiary,no,459,no,no,cellular,28,aug,13,14,-1,0,unknown,no
45,housemaid,married,primary,no,4994,no,no,unknown,20,jun,48,1,-1,0,unknown,no
32,technician,married,secondary,no,253,yes,no,unknown,4,jun,257,3,-1,0,unknown,no
36,entrepreneur,married,primary,no,177,yes,no,unknown,12,may,63,5,-1,0,unknown,no
41,unemployed,married,primary,no,819,no,no,cellular,9,feb,244,3,-1,0,unknown,no
27,self-employed,single,secondary,no,50,no,no,cellular,29,jan,168,1,-1,0,unknown,no
59,housemaid,married,secondary,no,0,no,no,telephone,3,feb,722,1,99,4,failure,no
53,management,divorced,secondary,no,112,no,yes,cellular,11,aug,246,3,-1,0,unknown,no
32,blue-collar,married,primary,no,329,yes,no,cellular,3,feb,321,1,-1,0,unknown,no
43,management,married,tertiary,no,1188,no,no,cellular,27,may,140,2,-1,0,unknown,no
33,management,single,tertiary,no,1909,no,no,cellular,8,aug,191,2,-1,0,unknown,no
30,blue-collar,single,secondary,no,445,yes,no,cellular,16,apr,218,1,330,2,failure,no
62,management,married,tertiary,no,0,no,no,cellular,13,oct,78,3,-1,0,unknown,no
43,technician,married,secondary,no,7876,yes,no,cellular,11,aug,209,2,-1,0,unknown,no
38,blue-collar,married,secondary,no,1370,yes,no,cellular,11,may,472,2,-1,0,unknown,no
49,entrepreneur,married,secondary,no,273,no,no,cellular,23,jul,58,1,-1,0,unknown,no
45,technician,single,tertiary,no,2087,no,no,cellular,29,aug,29,14,-1,0,unknown,no
33,services,married,primary,no,6904,no,no,telephone,20,nov,114,2,-1,0,unknown,no
49,management,married,secondary,no,321,no,no,unknown,9,jun,135,3,-1,0,unknown,no
36,management,married,tertiary,no,860,yes,no,unknown,20,may,294,15,-1,0,unknown,no
47,blue-collar,married,primary,no,2642,no,no,cellular,13,aug,310,2,-1,0,unknown,no
36,blue-collar,married,secondary,no,199,yes,no,cellular,9,jul,183,1,-1,0,unknown,no
48,admin.,married,secondary,no,5,yes,no,unknown,7,may,697,2,-1,0,unknown,no
56,admin.,married,secondary,no,1270,yes,no,cellular,17,nov,80,2,165,2,other,no
34,technician,married,secondary,no,1464,yes,no,unknown,23,may,350,1,-1,0,unknown,no
33,entrepreneur,married,primary,no,82,yes,no,cellular,18,nov,63,2,-1,0,unknown,no
42,technician,divorced,secondary,no,0,yes,no,unknown,30,may,115,6,-1,0,unknown,no
38,management,married,tertiary,no,1198,yes,no,cellular,2,feb,63,1,-1,0,unknown,no
63,retired,married,secondary,no,2747,no,no,cellular,11,sep,113,1,80,1,failure,no
42,admin.,married,secondary,no,-396,yes,no,cellular,11,may,80,1,308,4,failure,no
53,management,married,tertiary,no,146,no,no,unknown,30,may,150,1,-1,0,unknown,no
29,blue-collar,married,secondary,no,424,yes,yes,unknown,14,may,241,2,-1,0,unknown,no
69,retired,married,secondary,no,745,no,no,telephone,9,sep,595,1,-1,0,unknown,no
59,retired,married,secondary,no,0,no,no,cellular,18,jul,247,4,-1,0,unknown,no
59,retired,married,secondary,no,9976,yes,no,unknown,29,may,57,2,-1,0,unknown,no
27,student,single,secondary,no,8366,no,no,cellular,7,may,458,2,349,1,other,no
34,technician,single,secondary,no,60,no,no,cellular,7,aug,274,2,-1,0,unknown,no
38,technician,single,tertiary,no,221,no,no,cellular,20,aug,79,3,-1,0,unknown,no
29,services,single,secondary,no,209,yes,no,cellular,28,jul,487,7,-1,0,unknown,no
44,blue-collar,married,primary,no,-237,yes,no,telephone,10,jul,73,1,-1,0,unknown,no
60,retired,married,primary,no,5,no,no,cellular,26,aug,63,2,-1,0,unknown,no
23,blue-collar,single,primary,no,8627,yes,no,cellular,15,may,169,1,346,1,failure,no
31,technician,married,secondary,no,660,no,no,cellular,22,jun,115,1,-1,0,unknown,no
37,blue-collar,married,secondary,no,346,yes,no,cellular,17,apr,390,1,316,1,failure,no
29,blue-collar,single,secondary,no,9,yes,no,cellular,11,may,262,3,-1,0,unknown,no
55,blue-collar,married,secondary,no,1011,yes,no,cellular,12,aug,112,2,-1,0,unknown,no
33,technician,single,secondary,no,1279,yes,no,cellular,18,may,239,2,349,3,success,no
43,technician,married,secondary,no,297,yes,no,cellular,14,oct,119,3,-1,0,unknown,no
32,self-employed,married,secondary,no,413,yes,no,cellular,11,jul,712,2,-1,0,unknown,no
55,services,divorced,primary,no,653,no,no,unknown,6,jun,800,1,-1,0,unknown,no
24,services,married,secondary,yes,110,yes,no,unknown,23,may,27,1,-1,0,unknown,no
50,services,single,secondary,no,72,no,no,unknown,8,may,141,2,-1,0,unknown,no
60,management,married,primary,no,252,yes,yes,cellular,13,apr,123,2,147,3,failure,no
41,self-employed,married,secondary,no,28,yes,no,cellular,11,may,49,1,-1,0,unknown,no
26,admin.,married,secondary,no,0,no,no,unknown,27,may,755,1,-1,0,unknown,no
33,blue-collar,single,primary,no,599,yes,no,unknown,21,may,29,1,-1,0,unknown,no
46,self-employed,married,tertiary,no,1148,no,no,telephone,29,jul,104,2,-1,0,unknown,no
38,housemaid,married,primary,no,21,no,no,cellular,26,aug,634,2,-1,0,unknown,no
58,technician,divorced,secondary,no,-123,no,no,cellular,5,aug,131,2,-1,0,unknown,no
37,services,single,secondary,no,1175,yes,no,cellular,15,may,102,1,333,2,failure,no
42,blue-collar,married,secondary,no,2157,yes,no,cellular,13,may,149,1,364,2,failure,no
34,technician,married,secondary,no,-136,yes,yes,cellular,12,aug,131,2,-1,0,unknown,no
40,self-employed,married,tertiary,no,1603,no,no,unknown,17,jun,279,1,-1,0,unknown,no
47,technician,married,secondary,no,65,no,no,cellular,28,aug,118,8,-1,0,unknown,no
41,management,married,tertiary,no,4824,no,yes,cellular,18,jul,168,7,-1,0,unknown,no
46,services,married,secondary,no,0,yes,no,cellular,22,jun,154,1,124,1,other,no
59,admin.,divorced,secondary,no,975,yes,no,unknown,15,may,263,4,-1,0,unknown,no
40,technician,single,tertiary,no,445,yes,no,cellular,24,jul,631,1,-1,0,unknown,no
28,services,single,secondary,no,290,yes,no,cellular,18,may,128,1,-1,0,unknown,no
51,admin.,married,secondary,no,2967,no,no,unknown,17,jun,83,2,-1,0,unknown,no
33,blue-collar,married,secondary,no,26,yes,no,cellular,17,apr,342,3,332,1,other,no
33,technician,divorced,secondary,yes,10,yes,yes,cellular,18,nov,167,5,-1,0,unknown,no
48,retired,married,primary,yes,-285,no,yes,cellular,19,nov,157,1,-1,0,unknown,no
40,admin.,married,secondary,no,0,yes,yes,cellular,17,nov,57,1,-1,0,unknown,no
41,blue-collar,married,primary,no,1172,yes,no,unknown,15,may,153,1,-1,0,unknown,no
34,entrepreneur,divorced,tertiary,no,262,no,no,cellular,20,nov,371,1,-1,0,unknown,no
32,blue-collar,married,secondary,no,1148,yes,no,cellular,20,apr,121,1,-1,0,unknown,no
54,blue-collar,divorced,primary,no,-182,no,no,cellular,9,jul,98,1,-1,0,unknown,no
43,admin.,married,unknown,no,3485,no,no,unknown,18,jun,113,1,-1,0,unknown,no
60,housemaid,married,primary,no,0,no,yes,telephone,22,jul,124,1,-1,0,unknown,no
38,blue-collar,married,primary,no,2569,no,no,unknown,9,jun,172,1,-1,0,unknown,no
26,unemployed,married,tertiary,no,454,yes,yes,unknown,23,may,28,18,-1,0,unknown,no
53,entrepreneur,married,secondary,no,-118,yes,no,unknown,9,may,101,3,-1,0,unknown,no
56,blue-collar,married,primary,no,420,yes,no,unknown,9,may,76,1,-1,0,unknown,no
33,management,single,tertiary,no,71,no,no,cellular,22,aug,107,6,-1,0,unknown,no
30,unemployed,married,secondary,no,142,yes,no,unknown,20,may,350,4,-1,0,unknown,no
38,management,married,tertiary,no,-469,yes,no,unknown,16,jun,209,12,-1,0,unknown,no
49,admin.,married,secondary,no,381,no,no,cellular,5,aug,504,2,-1,0,unknown,no
34,admin.,married,secondary,no,61,no,yes,unknown,5,may,21,1,-1,0,unknown,no
33,management,married,tertiary,no,4,yes,no,cellular,16,jul,285,5,-1,0,unknown,no
54,blue-collar,divorced,primary,no,-182,no,no,cellular,9,jul,98,1,-1,0,unknown,no
32,technician,married,secondary,yes,4,yes,yes,cellular,25,aug,132,8,-1,0,unknown,no
42,blue-collar,married,unknown,no,-406,yes,no,cellular,30,jul,152,5,-1,0,unknown,no
34,blue-collar,married,secondary,no,1831,yes,no,unknown,20,may,203,2,-1,0,unknown,no
42,blue-collar,single,secondary,no,382,yes,no,cellular,13,may,294,1,-1,0,unknown,no
42,entrepreneur,married,tertiary,no,0,no,no,cellular,9,jul,236,1,-1,0,unknown,no
50,services,married,secondary,no,254,yes,no,cellular,15,apr,397,2,337,1,failure,no
49,entrepreneur,divorced,secondary,no,32,no,no,cellular,5,feb,128,1,-1,0,unknown,no
42,blue-collar,married,primary,no,2111,yes,no,cellular,7,may,86,2,-1,0,unknown,no
58,admin.,married,secondary,no,2,yes,yes,telephone,25,jul,282,9,-1,0,unknown,no
44,blue-collar,married,secondary,no,1071,yes,no,cellular,11,may,143,3,357,1,failure,no
25,blue-collar,single,secondary,no,913,yes,no,cellular,7,jul,113,4,-1,0,unknown,no
42,entrepreneur,divorced,tertiary,yes,2,yes,no,unknown,5,may,380,1,-1,0,unknown,no
47,management,married,tertiary,no,109,yes,no,cellular,22,jul,268,1,-1,0,unknown,no
46,blue-collar,married,secondary,no,781,no,no,unknown,13,may,152,1,-1,0,unknown,no
33,technician,divorced,secondary,no,0,yes,no,cellular,7,may,177,2,-1,0,unknown,no
34,management,single,tertiary,no,84,no,no,cellular,5,feb,231,1,-1,0,unknown,no
54,retired,divorced,tertiary,no,6102,yes,yes,unknown,21,may,86,6,-1,0,unknown,no
29,technician,married,secondary,no,1599,yes,no,cellular,8,jul,115,1,61,1,failure,no
30,management,married,tertiary,no,1882,yes,no,cellular,11,aug,249,5,-1,0,unknown,no
36,management,divorced,tertiary,no,1057,no,no,cellular,5,feb,383,2,-1,0,unknown,no
28,technician,single,tertiary,no,172,yes,yes,cellular,2,feb,194,2,-1,0,unknown,no
28,student,single,secondary,no,378,yes,no,cellular,17,apr,346,1,-1,0,unknown,no
31,blue-collar,single,secondary,no,-219,yes,no,unknown,30,may,66,2,-1,0,unknown,no
36,services,single,secondary,no,1482,yes,no,cellular,18,nov,177,2,174,1,other,no
35,blue-collar,married,primary,no,0,yes,no,cellular,24,jul,90,6,-1,0,unknown,no
28,management,single,tertiary,no,-328,yes,no,telephone,2,feb,318,2,-1,0,unknown,no
50,housemaid,married,primary,no,0,no,no,unknown,20,jun,179,2,-1,0,unknown,no
40,self-employed,married,tertiary,no,1603,no,no,unknown,17,jun,279,1,-1,0,unknown,no
30,admin.,single,secondary,no,105,yes,no,cellular,21,nov,75,1,-1,0,unknown,no
25,management,single,tertiary,no,553,yes,no,cellular,17,sep,113,4,479,1,failure,no
32,technician,married,tertiary,no,3939,no,no,cellular,8,aug,209,2,-1,0,unknown,no
38,admin.,married,tertiary,no,605,no,no,cellular,18,nov,147,2,-1,0,unknown,no
34,services,married,secondary,no,-62,yes,no,unknown,16,jun,109,3,-1,0,unknown,no
55,retired,married,secondary,no,1467,no,yes,cellular,29,jul,277,2,-1,0,unknown,no
37,blue-collar,married,primary,no,704,no,no,unknown,18,jun,165,7,-1,0,unknown,no
35,blue-collar,married,secondary,no,6411,yes,yes,cellular,30,jan,144,1,266,2,failure,no
34,technician,single,tertiary,no,632,no,no,cellular,22,aug,215,10,-1,0,unknown,no
51,blue-collar,married,primary,no,3726,no,yes,cellular,27,aug,119,12,-1,0,unknown,no
35,blue-collar,married,primary,no,11,yes,no,unknown,13,may,326,4,-1,0,unknown,no
35,technician,married,secondary,no,2189,no,no,cellular,19,nov,256,3,-1,0,unknown,no
43,technician,married,secondary,no,50,no,no,unknown,28,may,63,1,-1,0,unknown,no
56,blue-collar,married,primary,no,379,no,no,cellular,13,aug,58,5,-1,0,unknown,no
39,technician,single,secondary,no,102,yes,no,cellular,14,aug,272,2,-1,0,unknown,no
29,services,single,unknown,no,33,no,no,unknown,1,jul,161,1,-1,0,unknown,no
58,retired,married,secondary,no,983,no,no,cellular,5,aug,139,1,-1,0,unknown,no
33,blue-collar,single,secondary,no,706,yes,no,cellular,7,apr,329,1,322,1,failure,no
54,technician,married,secondary,no,2225,no,yes,cellular,13,aug,73,2,-1,0,unknown,no
46,technician,married,secondary,no,966,yes,yes,cellular,19,aug,40,2,-1,0,unknown,no
30,blue-collar,married,secondary,no,501,yes,yes,unknown,27,may,514,1,-1,0,unknown,no
24,blue-collar,single,secondary,no,77,yes,no,unknown,16,may,236,2,-1,0,unknown,no
38,entrepreneur,divorced,tertiary,no,7929,no,no,cellular,8,jul,182,3,-1,0,unknown,no
48,blue-collar,married,primary,no,574,no,no,cellular,5,aug,348,1,-1,0,unknown,no
50,housemaid,single,unknown,no,0,no,no,telephone,28,jul,118,8,-1,0,unknown,no
42,services,married,tertiary,no,12223,yes,no,cellular,19,nov,36,1,-1,0,unknown,no
53,blue-collar,married,secondary,no,-626,yes,no,cellular,9,jul,205,1,-1,0,unknown,no
36,management,married,tertiary,no,605,yes,no,unknown,26,may,204,1,-1,0,unknown,no
39,blue-collar,married,primary,no,7685,yes,no,cellular,14,apr,493,3,-1,0,unknown,no
43,blue-collar,married,secondary,no,105,no,yes,cellular,4,jul,668,2,-1,0,unknown,no
38,services,married,secondary,no,0,yes,no,telephone,28,jul,121,2,-1,0,unknown,no
46,technician,married,tertiary,no,405,no,no,cellular,11,aug,138,3,-1,0,unknown,no
28,technician,single,tertiary,no,356,no,no,cellular,2,mar,76,2,-1,0,unknown,no
38,management,single,tertiary,no,16957,yes,no,telephone,29,jan,208,1,247,2,failure,no
43,services,divorced,secondary,no,0,no,no,cellular,31,jul,106,4,-1,0,unknown,no
39,blue-collar,married,secondary,no,1045,yes,yes,cellular,9,jul,290,13,-1,0,unknown,no
47,services,divorced,secondary,no,691,no,no,cellular,6,feb,285,6,-1,0,unknown,no
29,technician,single,tertiary,no,828,yes,no,cellular,16,apr,215,3,321,3,other,no
56,technician,married,secondary,no,4073,no,no,cellular,27,aug,239,5,-1,0,unknown,no
40,self-employed,single,tertiary,no,2893,no,no,cellular,2,jun,76,3,-1,0,unknown,no
30,blue-collar,single,secondary,yes,4,yes,no,unknown,23,may,84,3,-1,0,unknown,no
49,management,married,secondary,no,362,yes,no,unknown,4,jun,84,2,-1,0,unknown,no
49,blue-collar,married,primary,no,0,yes,yes,telephone,23,jul,97,6,-1,0,unknown,no
49,technician,married,tertiary,no,279,yes,no,unknown,19,may,168,4,-1,0,unknown,no
28,services,single,secondary,no,229,yes,no,unknown,9,may,322,1,-1,0,unknown,no
52,unemployed,married,primary,no,-110,no,yes,cellular,29,jan,141,1,-1,0,unknown,no
38,retired,single,unknown,no,62,no,no,unknown,19,jun,212,1,-1,0,unknown,no
45,management,married,tertiary,no,-206,yes,no,cellular,6,may,337,2,-1,0,unknown,no
38,management,single,tertiary,no,1373,no,no,cellular,22,oct,119,4,-1,0,unknown,no
42,technician,divorced,secondary,no,2974,yes,no,unknown,21,may,187,5,-1,0,unknown,no
29,blue-collar,married,secondary,no,125,yes,no,unknown,13,may,50,1,-1,0,unknown,no
37,student,married,unknown,no,0,no,no,unknown,18,jun,115,1,-1,0,unknown,no
34,management,married,secondary,no,-294,yes,no,unknown,27,may,532,2,-1,0,unknown,no
39,entrepreneur,married,tertiary,no,2644,yes,no,unknown,20,may,253,1,-1,0,unknown,no
27,admin.,single,tertiary,no,3672,yes,no,cellular,15,may,157,2,351,5,failure,no
34,technician,single,secondary,no,174,no,no,telephone,11,may,259,4,-1,0,unknown,no
37,technician,single,tertiary,no,6101,no,no,cellular,4,may,60,5,87,1,success,no
34,blue-collar,married,secondary,no,250,yes,no,unknown,29,may,193,6,-1,0,unknown,no
31,blue-collar,single,primary,no,864,yes,no,telephone,14,may,113,2,-1,0,unknown,no
31,management,single,tertiary,no,574,yes,no,cellular,16,jul,410,2,-1,0,unknown,no
57,management,married,tertiary,no,0,yes,no,cellular,21,nov,67,1,-1,0,unknown,no
30,technician,single,secondary,no,4787,yes,no,unknown,4,jun,99,2,-1,0,unknown,no
27,technician,single,secondary,no,235,yes,no,cellular,12,may,13,5,-1,0,unknown,no
51,blue-collar,married,primary,no,42,yes,no,cellular,12,may,51,2,342,3,failure,no
54,housemaid,divorced,secondary,no,1327,no,no,unknown,5,jun,115,2,-1,0,unknown,no
36,entrepreneur,married,tertiary,no,1169,yes,no,unknown,6,may,168,2,-1,0,unknown,no
57,admin.,married,secondary,no,367,no,no,telephone,16,nov,107,2,-1,0,unknown,no
47,blue-collar,married,secondary,no,2548,yes,no,cellular,11,may,577,1,368,1,other,no
55,management,married,tertiary,no,6880,no,no,cellular,8,aug,353,2,-1,0,unknown,no
38,blue-collar,divorced,secondary,no,157,no,no,unknown,9,jun,299,5,-1,0,unknown,no
44,management,married,secondary,no,-665,no,no,cellular,30,jul,342,3,-1,0,unknown,no
35,unknown,married,primary,no,365,no,no,cellular,29,aug,41,2,-1,0,unknown,no
32,self-employed,single,secondary,no,518,yes,no,cellular,18,may,34,7,-1,0,unknown,no
53,blue-collar,married,secondary,no,65,no,no,cellular,28,aug,25,18,-1,0,unknown,no
48,admin.,married,secondary,no,292,yes,yes,cellular,29,jul,164,6,-1,0,unknown,no
47,technician,married,unknown,no,2106,yes,no,unknown,6,may,168,1,-1,0,unknown,no
30,technician,married,tertiary,no,101,yes,yes,cellular,7,jul,187,3,-1,0,unknown,no
58,retired,divorced,unknown,no,5920,yes,no,cellular,23,jul,255,1,-1,0,unknown,no
53,entrepreneur,married,tertiary,no,22370,yes,no,unknown,15,may,106,1,-1,0,unknown,no
33,entrepreneur,married,primary,no,82,yes,no,cellular,18,nov,63,2,-1,0,unknown,no
40,admin.,single,secondary,no,263,yes,no,unknown,6,may,231,1,-1,0,unknown,no
47,unknown,married,unknown,no,677,no,no,cellular,7,aug,384,1,99,4,success,no
27,technician,married,secondary,no,130,yes,no,cellular,7,may,265,3,-1,0,unknown,no
49,unemployed,married,secondary,no,769,yes,no,unknown,14,may,257,1,-1,0,unknown,no
41,entrepreneur,divorced,secondary,no,1588,yes,yes,unknown,20,jun,10,8,-1,0,unknown,no
33,management,single,secondary,no,8004,no,no,cellular,19,nov,414,3,-1,0,unknown,no
54,services,married,unknown,no,7864,yes,no,unknown,15,may,145,4,-1,0,unknown,no
57,retired,married,tertiary,no,0,no,no,cellular,12,aug,116,4,-1,0,unknown,no
29,management,married,tertiary,no,20,yes,no,cellular,12,may,418,1,-1,0,unknown,no
39,management,married,secondary,no,1072,yes,no,unknown,27,may,1168,2,-1,0,unknown,no
53,management,married,tertiary,no,4,no,no,unknown,20,jun,19,6,-1,0,unknown,no
40,management,divorced,tertiary,no,69,yes,no,cellular,6,may,503,2,280,2,failure,no
55,blue-collar,married,secondary,no,1011,yes,no,cellular,12,aug,112,2,-1,0,unknown,no
33,self-employed,married,secondary,no,215,yes,no,cellular,29,jul,543,12,-1,0,unknown,no
37,technician,single,secondary,no,435,yes,no,unknown,26,may,210,1,-1,0,unknown,no
40,technician,married,secondary,no,4441,yes,no,cellular,20,nov,153,2,183,2,failure,no
43,unknown,single,unknown,no,181,no,no,telephone,28,jan,41,1,-1,0,unknown,no
43,blue-collar,married,secondary,no,3060,yes,no,unknown,15,may,253,2,-1,0,unknown,no
60,management,married,tertiary,no,759,no,no,cellular,14,aug,136,2,-1,0,unknown,no
51,blue-collar,married,primary,no,844,yes,no,unknown,29,may,184,3,-1,0,unknown,no
35,management,married,tertiary,no,949,yes,no,unknown,27,may,245,2,-1,0,unknown,no
31,services,married,secondary,no,1062,yes,yes,cellular,6,apr,230,1,-1,0,unknown,no
37,self-employed,married,secondary,no,487,no,yes,cellular,27,aug,155,15,-1,0,unknown,no
31,unemployed,married,tertiary,no,7744,no,no,cellular,26,aug,377,8,-1,0,unknown,no
45,technician,married,secondary,no,1673,no,no,cellular,23,oct,76,1,-1,0,unknown,no
35,unemployed,married,secondary,no,977,yes,no,cellular,4,may,52,4,91,1,other,no
53,housemaid,married,primary,no,2581,no,no,cellular,15,apr,99,1,-1,0,unknown,no
38,unemployed,married,primary,no,1147,yes,yes,unknown,8,may,249,5,-1,0,unknown,no
36,blue-collar,divorced,secondary,no,-140,yes,no,unknown,26,may,222,2,-1,0,unknown,no
32,technician,married,secondary,no,84,no,yes,cellular,29,jul,403,3,-1,0,unknown,no
30,services,single,secondary,no,20,yes,no,cellular,20,apr,404,6,340,1,failure,no
57,retired,married,secondary,no,523,no,yes,cellular,2,feb,49,6,-1,0,unknown,no
27,blue-collar,single,primary,no,-179,yes,no,cellular,15,may,54,2,-1,0,unknown,no
39,entrepreneur,married,tertiary,no,2644,yes,no,unknown,20,may,253,1,-1,0,unknown,no
34,blue-collar,married,secondary,no,7,yes,yes,cellular,2,feb,171,2,193,2,other,no
47,admin.,married,secondary,no,104,yes,yes,cellular,14,jul,77,2,-1,0,unknown,no
36,management,divorced,tertiary,no,3611,yes,no,unknown,4,jun,347,3,-1,0,unknown,no
42,self-employed,married,secondary,no,97,no,no,cellular,10,jul,108,2,-1,0,unknown,no
28,technician,single,tertiary,no,2269,yes,no,unknown,9,may,331,1,-1,0,unknown,no
43,technician,married,secondary,no,7876,yes,no,cellular,11,aug,209,2,-1,0,unknown,no
55,blue-collar,married,primary,no,1649,yes,no,cellular,12,may,52,3,-1,0,unknown,no
21,student,single,unknown,no,137,yes,no,unknown,12,may,198,3,-1,0,unknown,no
36,admin.,married,secondary,no,4280,no,no,unknown,19,jun,227,6,-1,0,unknown,no
43,blue-collar,divorced,primary,no,92,yes,no,unknown,15,may,237,2,-1,0,unknown,no
46,self-employed,married,tertiary,no,137,yes,yes,unknown,5,may,246,1,-1,0,unknown,no
48,technician,married,secondary,no,454,yes,no,cellular,10,jul,114,1,-1,0,unknown,no
32,management,married,tertiary,no,913,yes,no,cellular,23,jun,883,1,674,4,failure,no
39,self-employed,single,tertiary,no,3972,no,no,cellular,30,jul,122,3,-1,0,unknown,no
38,entrepreneur,married,secondary,yes,15,yes,no,cellular,10,jul,121,1,-1,0,unknown,no
38,self-employed,single,secondary,no,1146,yes,no,unknown,21,may,91,2,-1,0,unknown,no
46,blue-collar,married,secondary,no,0,yes,no,cellular,8,may,264,2,-1,0,unknown,no
27,blue-collar,single,primary,no,-179,yes,no,cellular,15,may,54,2,-1,0,unknown,no
35,self-employed,single,tertiary,no,44,no,no,cellular,7,sep,310,2,96,2,other,no
40,management,married,tertiary,no,5,yes,no,cellular,18,nov,219,3,-1,0,unknown,no
28,services,single,secondary,no,317,yes,no,unknown,16,may,21,3,-1,0,unknown,no
28,technician,divorced,tertiary,no,594,yes,yes,unknown,18,jun,54,3,-1,0,unknown,no
57,blue-collar,married,primary,no,23,yes,no,telephone,31,jul,25,8,-1,0,unknown,no
37,blue-collar,married,primary,no,378,yes,no,unknown,9,may,514,1,-1,0,unknown,no
50,unemployed,divorced,secondary,no,717,yes,no,cellular,30,jan,113,1,-1,0,unknown,no
48,blue-collar,married,secondary,no,1143,yes,no,cellular,17,apr,264,1,317,1,failure,no
36,services,single,secondary,no,342,yes,no,unknown,7,may,142,1,-1,0,unknown,no
25,student,single,tertiary,no,1433,yes,no,cellular,15,may,520,1,-1,0,unknown,no
31,blue-collar,married,secondary,no,631,yes,no,unknown,23,may,248,4,-1,0,unknown,no
49,management,married,tertiary,no,7007,no,no,cellular,17,nov,325,2,-1,0,unknown,no
43,technician,single,tertiary,no,27733,yes,no,unknown,3,jun,164,7,-1,0,unknown,no
32,blue-collar,married,primary,no,329,yes,no,cellular,3,feb,321,1,-1,0,unknown,no
35,management,single,secondary,no,81,yes,no,cellular,29,jan,79,1,-1,0,unknown,no
30,admin.,married,tertiary,no,400,yes,no,cellular,7,may,223,1,-1,0,unknown,no
32,management,single,tertiary,no,537,no,no,unknown,29,may,187,3,-1,0,unknown,no
43,blue-collar,single,primary,no,30,yes,no,unknown,30,may,379,17,-1,0,unknown,no
58,self-employed,married,primary,no,671,yes,no,unknown,17,jun,16,3,-1,0,unknown,no
37,technician,married,unknown,no,47,no,no,unknown,19,jun,374,3,-1,0,unknown,no
27,services,married,secondary,no,0,yes,no,cellular,23,jul,198,13,-1,0,unknown,no
34,management,single,tertiary,no,171,yes,no,cellular,7,may,191,1,294,1,failure,no
33,services,married,secondary,no,210,yes,yes,unknown,20,may,201,1,-1,0,unknown,no
37,blue-collar,divorced,secondary,no,48,yes,no,unknown,8,may,133,2,-1,0,unknown,no
36,management,divorced,tertiary,no,608,no,no,cellular,26,aug,125,2,-1,0,unknown,no
25,technician,single,tertiary,no,777,yes,no,unknown,14,may,351,1,-1,0,unknown,no
69,retired,married,secondary,no,745,no,no,telephone,9,sep,595,1,-1,0,unknown,no
39,management,single,secondary,no,835,yes,no,unknown,29,may,587,4,-1,0,unknown,no
38,admin.,married,secondary,no,3190,yes,no,unknown,20,jun,20,2,-1,0,unknown,no
37,management,single,tertiary,no,9,no,no,cellular,26,aug,484,2,-1,0,unknown,no
50,management,married,tertiary,no,78,yes,no,cellular,14,jan,218,3,161,9,other,no
40,services,married,secondary,no,51,yes,no,cellular,11,may,50,1,-1,0,unknown,no
31,blue-collar,married,secondary,no,1495,yes,yes,unknown,23,may,159,3,-1,0,unknown,no
51,blue-collar,divorced,primary,no,-28,no,yes,unknown,2,jul,220,2,-1,0,unknown,no
51,admin.,single,tertiary,no,16,yes,no,cellular,30,jan,158,1,-1,0,unknown,no
54,services,divorced,secondary,no,1012,yes,no,cellular,12,may,33,3,175,2,other,no
39,blue-collar,married,primary,no,3705,yes,no,unknown,16,jun,77,1,-1,0,unknown,no
29,technician,single,tertiary,no,218,yes,no,cellular,12,apr,169,1,-1,0,unknown,no
57,management,married,tertiary,no,3250,no,no,cellular,20,aug,162,3,-1,0,unknown,no
36,admin.,married,secondary,no,957,yes,no,unknown,21,may,206,1,-1,0,unknown,no
37,management,divorced,secondary,no,1287,yes,no,cellular,14,may,432,1,-1,0,unknown,no
47,entrepreneur,married,unknown,no,209,yes,no,unknown,6,may,135,2,-1,0,unknown,no
55,services,divorced,tertiary,no,1983,yes,no,telephone,19,nov,123,1,-1,0,unknown,no
48,technician,married,unknown,no,5543,no,no,unknown,16,jun,143,5,-1,0,unknown,no
50,blue-collar,married,secondary,no,283,yes,no,cellular,7,aug,226,3,-1,0,unknown,no
34,technician,married,tertiary,no,691,yes,yes,unknown,2,jun,70,1,-1,0,unknown,no
44,blue-collar,married,secondary,no,-182,yes,yes,cellular,14,may,10,10,-1,0,unknown,no
38,admin.,married,tertiary,no,605,no,no,cellular,18,nov,147,2,-1,0,unknown,no
55,services,married,secondary,no,557,no,no,unknown,19,jun,58,1,-1,0,unknown,no
54,unemployed,married,primary,no,541,yes,no,cellular,3,feb,237,3,-1,0,unknown,no
51,unemployed,married,secondary,no,1760,no,yes,cellular,19,nov,162,1,-1,0,unknown,no
52,technician,married,secondary,no,1818,no,yes,cellular,17,nov,189,2,111,4,failure,no
26,management,single,secondary,no,565,yes,no,unknown,6,jun,582,11,-1,0,unknown,no
30,management,single,tertiary,no,604,no,yes,cellular,2,feb,475,1,-1,0,unknown,no
49,unemployed,married,tertiary,no,377,no,no,cellular,22,may,158,1,59,2,failure,no
40,technician,married,tertiary,no,0,no,no,cellular,19,aug,44,1,-1,0,unknown,no
27,technician,married,secondary,no,130,yes,no,cellular,7,may,265,3,-1,0,unknown,no
40,unemployed,married,secondary,no,0,yes,no,cellular,19,nov,332,1,183,1,failure,no
37,blue-collar,single,secondary,no,3561,yes,no,unknown,2,jun,98,1,-1,0,unknown,no
51,management,married,unknown,no,712,no,no,cellular,13,aug,287,2,-1,0,unknown,no
43,unknown,married,tertiary,no,1937,no,no,unknown,19,jun,385,1,-1,0,unknown,no
47,management,married,tertiary,no,295,yes,no,cellular,5,aug,157,1,-1,0,unknown,no
32,technician,single,tertiary,no,360,no,no,cellular,19,nov,164,2,-1,0,unknown,no
53,admin.,single,secondary,no,1178,yes,no,unknown,15,may,295,2,-1,0,unknown,no
30,management,married,tertiary,no,931,no,no,cellular,17,jul,1183,1,-1,0,unknown,no
35,services,married,secondary,no,181,yes,no,cellular,31,jul,5,3,-1,0,unknown,no
44,management,married,secondary,no,438,yes,no,telephone,8,may,37,3,303,1,failure,no
57,blue-collar,married,primary,no,1592,no,yes,unknown,20,jun,78,4,-1,0,unknown,no
50,technician,married,secondary,no,2497,yes,no,cellular,21,nov,35,1,176,1,failure,no
34,technician,single,secondary,no,4943,yes,yes,cellular,19,nov,117,2,-1,0,unknown,no
27,student,single,secondary,no,268,yes,no,cellular,13,may,528,1,358,2,failure,no
57,blue-collar,married,primary,no,179,no,no,unknown,9,jun,230,3,-1,0,unknown,no
42,management,married,tertiary,no,9009,no,no,cellular,20,nov,135,2,-1,0,unknown,no
48,retired,married,primary,yes,-285,no,yes,cellular,19,nov,157,1,-1,0,unknown,no
45,technician,married,secondary,no,1415,yes,no,cellular,17,nov,483,1,116,1,failure,no
37,blue-collar,married,primary,no,0,yes,no,cellular,6,may,226,1,363,3,other,no
39,management,married,tertiary,no,894,yes,no,cellular,20,apr,491,1,326,1,other,no
33,blue-collar,married,secondary,no,249,yes,no,cellular,31,jul,61,4,-1,0,unknown,no
33,blue-collar,married,primary,no,1165,yes,no,unknown,21,may,420,2,-1,0,unknown,no
32,blue-collar,married,secondary,no,2,yes,no,cellular,15,may,16,9,309,1,failure,no
57,admin.,married,secondary,no,-967,yes,no,telephone,15,may,8,7,-1,0,unknown,no
36,management,married,tertiary,no,1318,yes,no,cellular,7,aug,100,2,-1,0,unknown,no
60,retired,married,primary,no,71188,no,no,cellular,6,oct,205,1,-1,0,unknown,no
43,admin.,married,secondary,no,-465,yes,yes,cellular,23,jul,166,1,-1,0,unknown,no
37,admin.,married,secondary,no,176,yes,no,cellular,5,may,147,2,347,1,failure,no
52,blue-collar,married,primary,no,2,no,no,unknown,9,jun,70,3,-1,0,unknown,no
27,services,single,secondary,no,-124,no,no,cellular,18,jul,217,1,-1,0,unknown,no
30,blue-collar,married,secondary,no,125,yes,no,unknown,29,may,238,2,-1,0,unknown,no
36,blue-collar,married,secondary,no,1587,yes,no,cellular,28,jul,200,2,-1,0,unknown,no
26,services,single,secondary,no,127,yes,yes,cellular,23,jul,85,3,-1,0,unknown,no
27,blue-collar,single,secondary,no,113,no,no,cellular,22,jul,39,17,-1,0,unknown,no
35,admin.,married,secondary,no,725,yes,no,cellular,20,nov,219,7,133,1,failure,no
57,management,married,secondary,no,82,no,yes,telephone,4,feb,140,1,-1,0,unknown,no
30,management,single,tertiary,no,940,no,no,cellular,8,aug,131,2,-1,0,unknown,no
36,admin.,single,secondary,no,1281,no,no,telephone,24,jul,119,2,-1,0,unknown,no
43,blue-collar,married,secondary,no,3060,yes,no,unknown,15,may,253,2,-1,0,unknown,no
59,management,married,tertiary,no,1831,no,no,cellular,17,feb,122,1,92,1,failure,no
41,blue-collar,married,secondary,no,338,yes,no,unknown,14,may,87,1,-1,0,unknown,no
34,blue-collar,single,secondary,no,13683,yes,no,unknown,3,jun,115,3,-1,0,unknown,no
21,services,single,secondary,no,1903,yes,no,unknown,29,may,107,2,-1,0,unknown,no
31,technician,single,tertiary,no,1166,yes,no,unknown,3,jun,207,1,-1,0,unknown,no
56,technician,married,secondary,no,205,no,yes,cellular,23,jul,442,2,-1,0,unknown,no
31,blue-collar,single,primary,no,864,yes,no,telephone,14,may,113,2,-1,0,unknown,no
38,blue-collar,married,secondary,no,648,yes,no,unknown,3,jun,179,1,-1,0,unknown,no
38,services,married,secondary,no,497,yes,yes,unknown,19,may,88,5,-1,0,unknown,no
45,admin.,single,secondary,no,-11,yes,no,cellular,5,may,247,1,-1,0,unknown,no
43,unemployed,married,secondary,no,3529,no,no,cellular,5,feb,169,2,-1,0,unknown,no
32,management,married,tertiary,no,2349,no,no,cellular,14,aug,134,5,-1,0,unknown,no
35,unknown,married,primary,no,634,no,no,cellular,7,jul,185,2,-1,0,unknown,no
50,self-employed,married,secondary,no,36,no,no,cellular,13,aug,104,10,-1,0,unknown,no
76,retired,married,primary,no,2590,no,no,telephone,9,feb,68,12,-1,0,unknown,no
34,entrepreneur,married,secondary,no,1847,yes,no,cellular,9,apr,543,3,321,6,failure,no
32,technician,married,secondary,no,286,no,no,cellular,20,apr,60,1,343,4,failure,no
48,management,divorced,tertiary,no,108,yes,no,unknown,27,may,89,2,-1,0,unknown,no
33,services,married,secondary,no,0,yes,no,telephone,22,jul,44,8,-1,0,unknown,no
39,services,divorced,secondary,no,282,yes,no,cellular,17,jul,243,1,-1,0,unknown,no
34,technician,single,secondary,no,2729,yes,no,cellular,6,apr,945,1,139,1,success,no
55,blue-collar,married,unknown,no,23,no,no,cellular,30,jan,143,1,2,3,other,no
28,services,single,secondary,no,94,yes,no,cellular,16,apr,300,1,-1,0,unknown,no
37,management,married,tertiary,no,767,no,yes,cellular,2,feb,204,1,-1,0,unknown,no
38,blue-collar,married,secondary,no,1663,yes,no,cellular,13,apr,217,3,327,1,failure,no
72,retired,married,primary,no,796,no,no,cellular,24,apr,173,2,-1,0,unknown,no
31,technician,single,secondary,no,391,no,no,cellular,13,aug,336,2,-1,0,unknown,no
33,admin.,single,secondary,no,894,no,no,cellular,5,feb,509,2,-1,0,unknown,no
35,management,single,tertiary,no,0,no,yes,cellular,14,aug,370,4,-1,0,unknown,no
44,management,married,tertiary,no,7635,no,no,cellular,21,aug,719,5,-1,0,unknown,no
60,self-employed,single,tertiary,no,179,no,yes,cellular,29,jul,79,4,-1,0,unknown,no
36,technician,married,tertiary,no,629,yes,yes,cellular,29,dec,109,1,246,1,failure,no
51,blue-collar,married,primary,no,5050,no,yes,unknown,16,jun,75,7,-1,0,unknown,no
55,services,married,secondary,no,96,no,no,telephone,30,jul,340,2,-1,0,unknown,no
43,blue-collar,married,secondary,no,-179,yes,no,cellular,30,jul,335,6,-1,0,unknown,no
45,self-employed,married,tertiary,no,334,no,no,unknown,5,jun,87,2,-1,0,unknown,no
41,technician,married,secondary,no,77,yes,no,cellular,7,may,56,1,-1,0,unknown,no
39,technician,married,tertiary,no,14,no,no,cellular,28,jan,114,2,-1,0,unknown,no
36,management,married,tertiary,no,27359,yes,no,unknown,3,jun,71,2,-1,0,unknown,no
43,management,married,tertiary,no,0,yes,no,cellular,17,nov,110,1,-1,0,unknown,no
58,retired,married,secondary,no,235,no,no,cellular,27,aug,88,4,-1,0,unknown,no
32,blue-collar,single,secondary,no,-255,no,yes,unknown,2,jul,957,3,-1,0,unknown,no
41,retired,single,primary,no,0,no,no,cellular,8,may,239,1,368,2,failure,no
41,technician,single,secondary,no,1680,yes,no,unknown,2,jun,76,2,-1,0,unknown,no
46,admin.,married,secondary,no,22,yes,no,cellular,7,aug,414,4,-1,0,unknown,no
51,admin.,married,secondary,no,1415,yes,no,unknown,2,jun,151,3,-1,0,unknown,no
44,services,divorced,secondary,no,0,yes,yes,unknown,13,may,97,1,-1,0,unknown,no
41,blue-collar,married,primary,no,389,yes,no,unknown,16,jun,87,6,-1,0,unknown,no
33,management,single,tertiary,no,0,no,no,cellular,28,aug,236,10,-1,0,unknown,no
25,admin.,single,tertiary,no,1420,no,no,cellular,8,apr,124,2,-1,0,unknown,no
27,services,single,secondary,no,-124,no,no,cellular,18,jul,217,1,-1,0,unknown,no
45,technician,divorced,secondary,no,976,yes,no,cellular,17,apr,183,1,338,2,failure,no
44,management,married,tertiary,no,773,no,yes,cellular,9,jul,618,1,-1,0,unknown,no
35,self-employed,married,secondary,no,670,no,no,cellular,9,jul,378,1,-1,0,unknown,no
39,services,married,secondary,no,247,yes,no,cellular,17,apr,244,2,-1,0,unknown,no
36,blue-collar,married,secondary,no,-461,no,no,cellular,11,may,254,2,353,1,failure,no
35,blue-collar,married,primary,no,3587,yes,no,unknown,30,may,148,4,-1,0,unknown,no
30,management,married,tertiary,no,931,no,no,cellular,17,jul,1183,1,-1,0,unknown,no
19,student,single,unknown,no,0,no,no,cellular,11,feb,123,3,-1,0,unknown,no
26,services,single,secondary,no,1700,yes,no,cellular,7,may,13,5,-1,0,unknown,no
46,management,married,tertiary,no,964,yes,no,cellular,8,apr,174,1,-1,0,unknown,no
53,entrepreneur,married,tertiary,no,71,no,yes,cellular,29,jan,86,1,-1,0,unknown,no
70,retired,married,secondary,no,1164,no,no,telephone,14,may,338,3,185,2,failure,no
56,technician,divorced,tertiary,no,401,yes,no,telephone,20,nov,26,1,-1,0,unknown,no
32,blue-collar,married,primary,no,329,yes,no,cellular,3,feb,321,1,-1,0,unknown,no
33,blue-collar,married,secondary,no,-241,yes,yes,unknown,27,may,169,1,-1,0,unknown,no
36,self-employed,married,tertiary,no,307,yes,no,cellular,14,may,341,1,330,2,other,no
48,blue-collar,married,primary,no,199,no,no,telephone,18,aug,29,2,-1,0,unknown,no
31,services,married,secondary,no,500,yes,no,unknown,6,jun,19,18,-1,0,unknown,no
51,entrepreneur,divorced,tertiary,no,4,yes,yes,cellular,20,apr,74,5,-1,0,unknown,no
31,unknown,divorced,tertiary,no,137,no,no,cellular,22,aug,385,9,-1,0,unknown,no
36,management,single,tertiary,no,0,no,no,cellular,11,aug,108,2,-1,0,unknown,no
34,technician,married,tertiary,no,691,yes,yes,unknown,2,jun,70,1,-1,0,unknown,no
43,management,married,primary,no,8167,yes,no,unknown,19,may,114,2,-1,0,unknown,no
53,blue-collar,married,primary,no,25,yes,no,unknown,6,may,266,3,-1,0,unknown,no
31,management,single,tertiary,no,112,yes,no,cellular,2,feb,159,2,271,1,failure,no
32,blue-collar,married,secondary,no,3514,yes,no,unknown,20,may,226,2,-1,0,unknown,no
33,blue-collar,divorced,primary,no,142,yes,no,telephone,11,may,41,2,300,5,failure,no
48,technician,married,secondary,no,197,no,yes,cellular,3,feb,47,2,222,3,other,no
40,management,married,tertiary,no,60,no,no,unknown,16,jun,172,6,-1,0,unknown,no
28,management,single,tertiary,no,2380,no,no,cellular,14,sep,394,2,-1,0,unknown,no
57,management,married,tertiary,no,1341,yes,no,unknown,8,may,339,2,-1,0,unknown,no
34,blue-collar,married,primary,no,1666,yes,no,unknown,31,mar,30,1,-1,0,unknown,no
36,management,divorced,tertiary,no,1057,no,no,cellular,5,feb,383,2,-1,0,unknown,no
49,blue-collar,single,primary,no,1040,no,no,cellular,8,jul,474,2,-1,0,unknown,no
45,admin.,single,secondary,no,-11,yes,no,cellular,5,may,247,1,-1,0,unknown,no
38,management,married,tertiary,no,389,yes,no,unknown,6,may,262,1,-1,0,unknown,no
36,services,single,secondary,no,342,yes,no,unknown,7,may,142,1,-1,0,unknown,no
41,blue-collar,married,secondary,no,780,yes,no,cellular,15,may,432,3,-1,0,unknown,no
48,technician,married,secondary,no,1152,yes,no,cellular,21,jul,168,5,-1,0,unknown,no
38,unemployed,married,secondary,no,-673,yes,no,unknown,26,may,364,1,-1,0,unknown,no
58,retired,married,secondary,no,225,no,no,cellular,7,aug,122,6,-1,0,unknown,no
37,services,married,primary,no,52,yes,no,unknown,7,may,359,1,-1,0,unknown,no
36,blue-collar,married,secondary,no,1554,yes,no,unknown,12,may,325,4,-1,0,unknown,no
30,management,single,tertiary,no,775,yes,no,unknown,16,jun,124,2,-1,0,unknown,no
37,services,single,secondary,no,608,no,no,cellular,14,may,380,3,-1,0,unknown,no
35,admin.,married,tertiary,no,1145,yes,no,cellular,2,feb,82,2,-1,0,unknown,no
31,technician,single,tertiary,no,1214,no,no,cellular,3,feb,39,1,-1,0,unknown,no
59,housemaid,divorced,primary,no,195,no,no,unknown,5,may,366,2,-1,0,unknown,no
60,admin.,married,secondary,no,2552,no,yes,cellular,30,jan,255,2,2,4,other,no
46,blue-collar,married,primary,no,147,yes,no,cellular,6,may,116,2,169,3,failure,no
38,blue-collar,single,tertiary,no,14058,no,no,telephone,17,jul,293,20,-1,0,unknown,no
31,admin.,married,secondary,no,2304,yes,no,cellular,20,nov,257,2,-1,0,unknown,no
57,technician,married,secondary,no,6164,no,no,cellular,19,nov,161,2,-1,0,unknown,no
30,admin.,single,secondary,no,3809,yes,no,unknown,3,jun,159,4,-1,0,unknown,no
40,blue-collar,married,primary,no,2805,yes,no,cellular,14,may,173,6,353,23,failure,no
33,services,married,secondary,no,288,yes,no,cellular,17,apr,306,1,-1,0,unknown,no
37,admin.,married,secondary,no,1123,no,yes,unknown,28,may,138,1,-1,0,unknown,no
44,management,married,secondary,yes,0,yes,no,cellular,11,jul,96,2,-1,0,unknown,no
37,admin.,single,secondary,no,0,yes,no,cellular,16,apr,640,2,-1,0,unknown,no
53,retired,married,secondary,no,6095,yes,yes,cellular,14,may,410,5,-1,0,unknown,no
30,management,single,tertiary,no,47,no,yes,cellular,31,jul,11,17,-1,0,unknown,no
28,blue-collar,married,secondary,no,100,yes,yes,unknown,27,may,132,2,-1,0,unknown,no
42,entrepreneur,married,tertiary,no,0,no,no,cellular,9,jul,236,1,-1,0,unknown,no
50,management,single,primary,no,766,no,no,unknown,17,jun,174,2,-1,0,unknown,no
34,management,married,tertiary,no,0,yes,no,unknown,8,may,214,2,-1,0,unknown,no
44,admin.,divorced,secondary,no,432,no,no,cellular,9,feb,132,3,-1,0,unknown,no
36,admin.,married,secondary,no,470,yes,no,cellular,31,jul,101,4,-1,0,unknown,no
45,management,divorced,tertiary,no,2096,no,no,cellular,21,nov,127,1,100,2,failure,no
38,housemaid,married,secondary,no,-278,yes,no,cellular,28,jul,143,2,-1,0,unknown,no
42,self-employed,married,tertiary,no,1932,yes,no,unknown,16,may,192,32,-1,0,unknown,no
31,admin.,single,secondary,no,1588,yes,no,unknown,3,jun,14,1,-1,0,unknown,no
35,blue-collar,married,primary,no,793,yes,no,cellular,17,apr,106,1,-1,0,unknown,no
33,management,married,tertiary,no,3696,no,no,cellular,19,nov,305,1,182,3,failure,no
47,management,married,unknown,no,150,no,no,unknown,9,jun,52,1,-1,0,unknown,no
48,services,married,secondary,no,116,yes,no,telephone,20,apr,70,4,-1,0,unknown,no
44,services,married,secondary,no,27,no,no,cellular,25,may,485,1,-1,0,unknown,no
49,entrepreneur,married,secondary,no,1916,no,yes,telephone,14,jul,281,3,-1,0,unknown,no
36,management,single,tertiary,no,442,yes,yes,cellular,29,jul,102,3,-1,0,unknown,no
35,admin.,married,tertiary,no,1145,yes,no,cellular,2,feb,82,2,-1,0,unknown,no
49,services,married,tertiary,no,306,yes,no,cellular,18,aug,285,7,-1,0,unknown,no
32,management,married,tertiary,no,1667,yes,no,cellular,18,nov,164,2,179,3,failure,no
53,blue-collar,single,secondary,no,5715,no,no,cellular,28,jan,287,2,-1,0,unknown,no
40,self-employed,married,tertiary,no,13669,no,no,cellular,15,oct,138,1,136,8,other,no
30,blue-collar,single,secondary,no,363,no,no,cellular,28,jul,171,3,-1,0,unknown,no
45,entrepreneur,married,primary,no,58,yes,no,telephone,13,may,119,3,371,3,failure,no
39,technician,married,unknown,no,839,no,no,unknown,30,may,825,2,-1,0,unknown,no
44,housemaid,married,tertiary,no,460,no,no,unknown,17,jun,491,1,-1,0,unknown,no
34,services,divorced,secondary,no,991,yes,no,cellular,6,may,89,1,344,1,failure,no
34,blue-collar,married,secondary,no,1412,yes,yes,unknown,27,may,157,2,-1,0,unknown,no
47,admin.,married,secondary,no,2,no,no,cellular,10,jul,89,1,-1,0,unknown,no
43,management,married,tertiary,no,291,yes,no,unknown,9,may,150,2,-1,0,unknown,no
54,technician,married,secondary,no,-315,no,yes,cellular,10,jul,2029,1,-1,0,unknown,yes
71,retired,married,secondary,no,2850,no,no,cellular,17,feb,185,1,-1,0,unknown,yes
56,admin.,married,secondary,no,45,no,no,unknown,5,may,1467,1,-1,0,unknown,yes
31,management,married,tertiary,no,1224,yes,yes,cellular,24,jul,1441,2,-1,0,unknown,yes
43,services,single,secondary,no,3403,yes,no,cellular,12,nov,707,2,97,2,success,yes
49,blue-collar,married,secondary,no,2039,yes,no,cellular,6,may,451,1,169,2,failure,yes
34,management,married,tertiary,no,3301,yes,no,cellular,17,jun,485,2,227,4,failure,yes
38,technician,married,secondary,no,226,yes,no,unknown,30,may,762,3,-1,0,unknown,yes
29,housemaid,single,tertiary,no,19,no,no,cellular,5,feb,110,2,64,2,success,yes
30,unemployed,single,tertiary,no,302,no,no,cellular,11,feb,528,3,-1,0,unknown,yes
30,management,married,tertiary,no,102,yes,no,cellular,5,apr,470,7,426,3,other,yes
33,admin.,married,secondary,no,95,yes,no,cellular,30,apr,335,1,-1,0,unknown,yes
32,management,divorced,tertiary,no,883,yes,no,cellular,10,dec,798,1,185,5,other,yes
34,housemaid,married,primary,no,2929,no,no,cellular,14,aug,518,2,-1,0,unknown,yes
60,blue-collar,married,primary,no,493,no,no,cellular,18,aug,671,4,-1,0,unknown,yes
56,retired,married,secondary,no,1044,no,no,telephone,3,jul,353,2,-1,0,unknown,yes
49,management,divorced,tertiary,no,755,no,no,cellular,31,jul,1212,4,-1,0,unknown,yes
32,management,married,tertiary,no,2431,yes,no,cellular,14,may,646,5,-1,0,unknown,yes
46,blue-collar,married,unknown,no,9328,yes,no,cellular,5,may,725,3,-1,0,unknown,yes
65,unknown,married,unknown,no,4717,no,no,telephone,6,aug,256,1,-1,0,unknown,yes
45,admin.,divorced,secondary,no,59,yes,no,cellular,24,jul,873,8,-1,0,unknown,yes
62,retired,divorced,tertiary,no,0,no,no,cellular,13,nov,227,2,-1,0,unknown,yes
63,entrepreneur,married,secondary,no,3904,no,no,telephone,4,aug,250,2,187,2,success,yes
41,entrepreneur,married,primary,no,39,yes,no,cellular,21,nov,549,2,-1,0,unknown,yes
31,management,married,tertiary,no,325,yes,no,cellular,18,jul,1139,2,-1,0,unknown,yes
56,housemaid,divorced,primary,yes,1238,no,no,unknown,5,jun,1558,1,-1,0,unknown,yes
51,self-employed,married,secondary,no,95,yes,no,cellular,23,jul,1309,4,-1,0,unknown,yes
53,unemployed,married,primary,no,980,yes,no,cellular,3,dec,352,1,-1,0,unknown,yes
44,technician,single,secondary,no,7138,no,no,cellular,8,aug,809,2,-1,0,unknown,yes
60,self-employed,married,primary,no,362,no,yes,cellular,29,jul,816,6,-1,0,unknown,yes
25,student,single,secondary,no,331,no,no,telephone,26,aug,170,4,-1,0,unknown,yes
43,admin.,married,secondary,no,132,no,no,cellular,19,aug,574,1,84,3,success,yes
72,retired,married,primary,no,763,no,no,cellular,24,apr,384,2,-1,0,unknown,yes
25,management,single,tertiary,no,808,no,no,cellular,18,sep,267,2,114,2,failure,yes
54,technician,married,tertiary,no,876,no,no,cellular,27,oct,269,3,541,3,success,yes
46,technician,divorced,secondary,no,-90,no,yes,telephone,17,oct,270,1,-1,0,unknown,yes
55,retired,married,primary,no,3334,no,no,cellular,14,aug,632,4,-1,0,unknown,yes
75,retired,divorced,tertiary,no,3810,yes,no,cellular,16,nov,262,1,183,1,failure,yes
29,management,married,tertiary,no,199,yes,yes,unknown,7,may,1689,4,-1,0,unknown,yes
49,entrepreneur,married,secondary,no,687,yes,no,cellular,17,apr,772,1,-1,0,unknown,yes
30,management,married,tertiary,no,1942,yes,yes,cellular,21,nov,436,2,178,3,other,yes
47,blue-collar,divorced,primary,no,126,yes,no,unknown,3,jun,2456,2,-1,0,unknown,yes
39,management,married,tertiary,no,763,yes,no,cellular,11,may,877,7,300,2,other,yes
39,technician,divorced,tertiary,yes,3,no,no,cellular,6,may,488,1,-1,0,unknown,yes
72,retired,married,primary,no,763,no,no,cellular,24,apr,384,2,-1,0,unknown,yes
41,admin.,divorced,secondary,no,6046,yes,yes,telephone,15,mar,300,6,182,2,success,yes
43,entrepreneur,married,secondary,no,104,yes,no,cellular,18,jul,635,3,-1,0,unknown,yes
47,admin.,divorced,secondary,no,225,no,no,cellular,28,aug,1126,4,-1,0,unknown,yes
27,technician,single,secondary,no,158,no,no,unknown,1,jul,650,2,-1,0,unknown,yes
36,management,married,tertiary,no,495,no,no,cellular,12,mar,213,3,182,6,success,yes
23,technician,single,tertiary,no,1129,yes,no,unknown,28,may,806,1,-1,0,unknown,yes
35,management,divorced,tertiary,no,0,yes,no,telephone,29,oct,171,1,-1,0,unknown,yes
42,management,married,tertiary,no,2187,yes,no,cellular,17,nov,525,3,-1,0,unknown,yes
47,blue-collar,divorced,primary,no,126,yes,no,unknown,3,jun,2456,2,-1,0,unknown,yes
35,management,divorced,tertiary,no,0,yes,no,telephone,29,oct,171,1,-1,0,unknown,yes
40,services,married,secondary,no,1836,yes,no,cellular,12,may,750,2,-1,0,unknown,yes
41,management,married,tertiary,no,326,yes,no,cellular,5,may,788,1,-1,0,unknown,yes
48,admin.,divorced,secondary,no,4099,no,no,cellular,2,apr,397,2,-1,0,unknown,yes
47,services,married,secondary,no,405,no,yes,cellular,8,aug,994,2,-1,0,unknown,yes
33,admin.,married,secondary,no,0,yes,no,telephone,17,jul,1448,7,-1,0,unknown,yes
34,blue-collar,divorced,unknown,no,172,no,no,cellular,15,jun,177,1,-1,0,unknown,yes
42,blue-collar,single,secondary,no,1080,yes,yes,cellular,13,may,951,3,370,4,failure,yes
46,admin.,divorced,secondary,no,2232,no,no,cellular,13,feb,121,1,-1,0,unknown,yes
30,management,single,tertiary,no,2,yes,yes,cellular,25,jul,1031,8,-1,0,unknown,yes
28,self-employed,single,tertiary,no,4579,no,no,cellular,12,jan,409,2,-1,0,unknown,yes
35,technician,married,secondary,no,4508,yes,no,cellular,18,nov,854,1,-1,0,unknown,yes
31,technician,single,secondary,no,2544,no,no,cellular,15,jul,252,1,184,3,success,yes
46,admin.,married,secondary,no,22,no,no,cellular,26,aug,388,6,-1,0,unknown,yes
34,blue-collar,single,secondary,no,215,no,no,cellular,3,mar,350,3,-1,0,unknown,yes
32,technician,single,tertiary,no,1625,no,no,cellular,22,may,796,1,109,1,failure,yes
41,management,married,tertiary,no,326,yes,no,cellular,5,may,788,1,-1,0,unknown,yes
23,entrepreneur,single,primary,no,4,yes,no,unknown,13,may,395,2,-1,0,unknown,yes
72,retired,married,primary,no,763,no,no,cellular,24,apr,384,2,-1,0,unknown,yes
35,unemployed,married,secondary,no,978,no,no,cellular,29,dec,1370,3,209,3,success,yes
63,entrepreneur,married,secondary,no,3904,no,no,telephone,4,aug,250,2,187,2,success,yes
49,management,single,tertiary,no,151,yes,no,cellular,8,jul,97,3,-1,0,unknown,yes
53,housemaid,married,primary,no,104,no,yes,unknown,5,jun,701,1,-1,0,unknown,yes
43,management,married,tertiary,no,1429,yes,no,cellular,19,nov,1015,1,198,2,other,yes
49,entrepreneur,divorced,unknown,yes,-701,yes,no,cellular,30,jul,988,2,-1,0,unknown,yes
62,self-employed,divorced,tertiary,no,6,yes,no,cellular,13,oct,216,1,183,4,success,yes
36,blue-collar,married,secondary,no,4438,yes,no,unknown,20,may,446,1,-1,0,unknown,yes
61,management,married,tertiary,no,997,no,no,cellular,10,mar,106,1,-1,0,unknown,yes
41,management,married,primary,no,5310,yes,no,cellular,17,nov,984,1,-1,0,unknown,yes
53,unemployed,married,secondary,no,94,no,no,cellular,10,aug,493,1,181,14,success,yes
34,management,married,tertiary,no,703,yes,no,cellular,14,apr,342,1,-1,0,unknown,yes
39,technician,divorced,tertiary,yes,3,no,no,cellular,6,may,488,1,-1,0,unknown,yes
62,management,married,tertiary,no,1859,no,no,telephone,6,aug,245,3,-1,0,unknown,yes
30,management,single,tertiary,no,2,yes,yes,cellular,25,jul,1031,8,-1,0,unknown,yes
43,admin.,married,secondary,no,132,no,no,cellular,19,aug,574,1,84,3,success,yes
56,retired,divorced,primary,no,694,no,no,cellular,29,jan,144,1,102,1,other,yes
36,technician,single,tertiary,no,197,no,no,cellular,30,apr,260,1,-1,0,unknown,yes
52,blue-collar,married,secondary,no,2087,yes,no,cellular,31,aug,267,1,474,1,failure,yes
32,technician,single,secondary,no,0,no,no,cellular,18,aug,594,4,-1,0,unknown,yes
34,admin.,divorced,secondary,no,479,yes,no,cellular,12,may,515,1,350,5,failure,yes
78,retired,divorced,primary,no,229,no,no,telephone,22,oct,97,1,-1,0,unknown,yes
46,admin.,married,secondary,no,70,yes,no,cellular,27,mar,229,2,-1,0,unknown,yes
46,admin.,married,secondary,no,22,no,no,cellular,26,aug,388,6,-1,0,unknown,yes
49,housemaid,married,primary,no,889,no,no,telephone,7,jul,388,1,-1,0,unknown,yes
34,technician,divorced,tertiary,no,674,yes,no,cellular,7,aug,587,2,-1,0,unknown,yes
38,management,single,tertiary,no,104,yes,no,cellular,6,may,606,3,-1,0,unknown,yes
75,retired,married,secondary,no,3771,no,no,telephone,15,apr,185,1,181,2,success,yes
26,technician,single,secondary,no,668,yes,no,unknown,28,may,576,3,-1,0,unknown,yes
50,management,married,tertiary,no,3463,no,yes,cellular,28,oct,96,1,-1,0,unknown,yes
37,management,married,tertiary,no,238,no,no,cellular,3,feb,185,1,92,1,success,yes
43,technician,married,secondary,no,136,no,no,cellular,25,aug,363,7,-1,0,unknown,yes
32,blue-collar,married,secondary,no,1905,yes,no,cellular,16,jul,709,2,-1,0,unknown,yes
25,unemployed,single,tertiary,no,343,no,no,cellular,1,jun,377,1,-1,0,unknown,yes
40,blue-collar,single,secondary,no,3,no,no,cellular,19,nov,998,1,-1,0,unknown,yes
53,services,divorced,secondary,no,0,no,no,cellular,12,mar,80,2,-1,0,unknown,yes
26,unemployed,single,secondary,no,622,no,no,cellular,28,jan,1451,2,-1,0,unknown,yes
32,technician,single,tertiary,no,5514,no,no,cellular,22,apr,319,1,182,1,success,yes
53,blue-collar,married,primary,no,306,no,no,cellular,28,jul,388,3,181,1,success,yes
28,management,single,secondary,no,171,no,no,cellular,10,mar,93,1,-1,0,unknown,yes
53,admin.,married,secondary,no,1796,no,no,telephone,16,mar,295,1,91,2,success,yes
55,entrepreneur,divorced,secondary,no,538,yes,no,cellular,7,aug,353,2,-1,0,unknown,yes
46,admin.,married,secondary,no,368,no,no,cellular,20,aug,293,1,90,4,other,yes
73,retired,married,primary,no,279,no,no,cellular,28,jan,399,3,-1,0,unknown,yes
27,management,married,tertiary,no,802,no,no,cellular,22,sep,569,1,-1,0,unknown,yes
87,retired,married,primary,no,230,no,no,cellular,30,oct,144,1,-1,0,unknown,yes
52,management,single,tertiary,no,83,no,no,cellular,26,aug,1223,6,-1,0,unknown,yes
61,self-employed,divorced,tertiary,no,6610,no,no,cellular,24,feb,481,2,-1,0,unknown,yes
74,retired,divorced,secondary,no,4079,no,no,cellular,19,oct,343,3,-1,0,unknown,yes
30,technician,married,tertiary,no,569,no,no,cellular,27,aug,976,12,-1,0,unknown,yes
31,technician,married,tertiary,no,636,yes,no,cellular,4,may,352,4,-1,0,unknown,yes
31,blue-collar,married,secondary,no,92,yes,no,unknown,16,may,688,1,-1,0,unknown,yes
32,technician,single,tertiary,no,1625,no,no,cellular,22,may,796,1,109,1,failure,yes
48,housemaid,married,primary,no,7195,no,no,cellular,21,nov,609,2,-1,0,unknown,yes
42,blue-collar,single,secondary,no,1080,yes,yes,cellular,13,may,951,3,370,4,failure,yes
32,management,divorced,tertiary,no,883,yes,no,cellular,10,dec,798,1,185,5,other,yes
36,management,single,tertiary,no,2944,no,no,cellular,18,aug,882,8,-1,0,unknown,yes
